1065131595600746,漳州麦当劳漳百餐厅,48,月售4275,http://p1.meituan.net/xianfu/aa86bc1b9a218ea5e094b861c03b59b94873.jpg,http://p1.meituan.net/aichequan/a88918ba8699e15a5d16d5d7e09ad0022192.png,35分钟,0,起送 ¥0,配送 ¥9,,1,,986m,人均 ¥39,"{'icon': 'http://p1.meituan.net/xianfu/a0b192ffdab672109d9f767dbd49653a919.png', 'recommendReason': '大众点评高分店铺', 'type': 3}","[{'info': '折扣商品5.66折起', 'iconUrl': 'http://p1.meituan.net/xianfu/9c997ecce6150671b8459738a26f8bd9767.png', 'promotionType': 2, 'activityId': 0}, {'info': '本店支持开发票，开票金额0元起', 'iconUrl': 'http://p0.meituan.net/xianfu/476ba65ee80b6385bab292c085baed17940.png', 'promotionType': 2, 'activityId': 0}]",漳州市芗城区延安北路1号麦当劳餐厅,"00:00-04:45,05:00-10:15,10:30-23:59"
887362899221368,肯德基宅急送（银都店）,46,月售2687,http://p1.meituan.net/waimaipoi/f49c565f3c4d51fda6c40a29ca6ff05e16938.jpg,http://p1.meituan.net/aichequan/a88918ba8699e15a5d16d5d7e09ad0022192.png,30分钟,0,起送 ¥0,配送 ¥9,,1,,622m,人均 ¥40,"[{'info': '折扣商品5折起', 'iconUrl': 'http://p1.meituan.net/xianfu/9c997ecce6150671b8459738a26f8bd9767.png', 'promotionType': 2, 'activityId': 0}, {'info': '本店支持开发票，开票金额0元起', 'iconUrl': 'http://p0.meituan.net/xianfu/476ba65ee80b6385bab292c085baed17940.png', 'promotionType': 2, 'activityId': 0}]",福建省漳州市芗城区延安北路6号银都大厦一层1-2店面,"00:00-03:59,10:00-23:59"
974971642131957,吃鸡战场（蒸鸡·烤鸡）,49,月售4511,http://p0.meituan.net/waimaipoi/263bcbfa9cffd4c3a9e5aa8a13087667276387.jpg,,41分钟,0,起送 ¥0,配送 ¥0,,1,,1.3km,人均 ¥49,"[{'info': '满15减15;满30减20', 'iconUrl': 'http://p0.meituan.net/xianfu/f8bc8dffdbc805878aa3801a33f563cd1001.png', 'promotionType': 2, 'activityId': 0}, {'info': '折扣商品0.07折起', 'iconUrl': 'http://p1.meituan.net/xianfu/9c997ecce6150671b8459738a26f8bd9767.png', 'promotionType': 2, 'activityId': 0}]",世纪广场7栋B54号,"00:00-05:00,15:00-23:59"
921005378105086,夜猫子碳烤,45,月售7362,http://p0.meituan.net/business/bcff6966253246bf6f4b19da34525b5794439.png,,50分钟,0,起送 ¥29,配送 ¥0,,1,,1.0km,人均 ¥23,"[{'info': '满21减20;满39减38;满51减50;满69减68;满88减87', 'iconUrl': 'http://p0.meituan.net/xianfu/f8bc8dffdbc805878aa3801a33f563cd1001.png', 'promotionType': 2, 'activityId': 0}, {'info': '折扣商品1折起', 'iconUrl': 'http://p1.meituan.net/xianfu/9c997ecce6150671b8459738a26f8bd9767.png', 'promotionType': 2, 'activityId': 0}, {'info': '实际支付0元返10元商家代金券', 'iconUrl': 'http://p0.meituan.net/xianfu/652eea4034250563fe11b02e3219ba8d981.png', 'promotionType': 2, 'activityId': 0}, {'info': '满26元赠送鹭芳饮料一盒', 'iconUrl': 'http://p1.meituan.net/xianfu/5ffe01c550a139db693d152cefd1b247869.png', 'promotionType': 2, 'activityId': 0}]",新华东路北二街49号,"00:00-05:00,16:00-23:59"
975890765127073,绝味烤鱼、烧烤,41,月售9999+,http://p1.meituan.net/waimaipoi/a4b0066c1d8dbb3b363e961010c13615249856.jpg,,47分钟,0,起送 ¥30,配送 ¥0,,1,,1.9km,人均 ¥23,"[{'info': '满10减10;满18减17;满30减29;满45减44;满80减79', 'iconUrl': 'http://p0.meituan.net/xianfu/f8bc8dffdbc805878aa3801a33f563cd1001.png', 'promotionType': 2, 'activityId': 0}, {'info': '折扣商品0.2折起', 'iconUrl': 'http://p1.meituan.net/xianfu/9c997ecce6150671b8459738a26f8bd9767.png', 'promotionType': 2, 'activityId': 0}]",福建省漳州市芗城区南昌路苏氏大宗6号店面,"00:00-06:00,16:30-23:59"
962490467202490,韦小堡•炸鸡汉堡（芗城店）,47,月售7295,http://p1.meituan.net/business/e624ff2188188782571473ab2691ad4d896377.png,http://p1.meituan.net/aichequan/a88918ba8699e15a5d16d5d7e09ad0022192.png,31分钟,1,起送 ¥20,配送 ¥5,,1,,1.3km,人均 ¥22,"[{'info': '满30减21;满50减24;满80减44;满118减58', 'iconUrl': 'http://p0.meituan.net/xianfu/f8bc8dffdbc805878aa3801a33f563cd1001.png', 'promotionType': 2, 'activityId': 0}, {'info': '折扣商品1.8折起', 'iconUrl': 'http://p1.meituan.net/xianfu/9c997ecce6150671b8459738a26f8bd9767.png', 'promotionType': 2, 'activityId': 0}, {'info': '本店支持开发票，开票金额0元起', 'iconUrl': 'http://p0.meituan.net/xianfu/476ba65ee80b6385bab292c085baed17940.png', 'promotionType': 2, 'activityId': 0}]",福建省漳州市芗城区新华东商贸广场1幢A12号,"00:00-01:00,10:30-23:59"
1119763579639999,四季小龙虾,40,月售1396,http://p1.meituan.net/waimaipoi/33db51e0fb415ffaabe639601d0bac94491520.jpg,,55分钟,0,起送 ¥29,配送 ¥0,,1,,3.0km,,"[{'info': '满88减26;满138减39;满188减46', 'iconUrl': 'http://p0.meituan.net/xianfu/f8bc8dffdbc805878aa3801a33f563cd1001.png', 'promotionType': 2, 'activityId': 0}, {'info': '折扣商品5折起', 'iconUrl': 'http://p1.meituan.net/xianfu/9c997ecce6150671b8459738a26f8bd9767.png', 'promotionType': 2, 'activityId': 0}, {'info': '实际支付1元返10元商家代金券', 'iconUrl': 'http://p0.meituan.net/xianfu/652eea4034250563fe11b02e3219ba8d981.png', 'promotionType': 2, 'activityId': 0}]",福建省漳州市芗城区建业路1号明欣福园1幢24号,"00:00-05:30,12:00-23:59"
872927514145219,一品粥铺,47,月售1690,http://p0.meituan.net/waimaipoi/4227b677dcbbe6d50abfe9d76ff2f07d100352.jpg,,30分钟,1,起送 ¥15,配送 ¥4,,1,,1.3km,人均 ¥17,"[{'info': '满25减16;满49减25;满79减35', 'iconUrl': 'http://p0.meituan.net/xianfu/f8bc8dffdbc805878aa3801a33f563cd1001.png', 'promotionType': 2, 'activityId': 0}, {'info': '折扣商品4.95折起', 'iconUrl': 'http://p1.meituan.net/xianfu/9c997ecce6150671b8459738a26f8bd9767.png', 'promotionType': 2, 'activityId': 0}]",新华东路南一街156,"00:00-01:59,08:00-23:59"
1093461199938839,炸鸡派对（漳州店）,48,月售3640,http://p1.meituan.net/waimaipoi/7a5714dd2a586cda8bfb947d99768264322309.jpg,,33分钟,1,起送 ¥10,配送 ¥4,,1,,1.3km,人均 ¥16,"[{'info': '满30减20;满50减34;满70减38;满100减52', 'iconUrl': 'http://p0.meituan.net/xianfu/f8bc8dffdbc805878aa3801a33f563cd1001.png', 'promotionType': 2, 'activityId': 0}, {'info': '折扣商品3折起', 'iconUrl': 'http://p1.meituan.net/xianfu/9c997ecce6150671b8459738a26f8bd9767.png', 'promotionType': 2, 'activityId': 0}]",福建省漳州市芗城区新华东路世纪广场1栋168号,"00:00-01:00,11:00-23:59"
927031217215466,叫了个炸鸡（专门做炸鸡的店）,46,月售2311,http://p0.meituan.net/waimaipoi/f8ae12e2500bd8f3414aa7cc7d0a4a80168624.jpg,,50分钟,0,起送 ¥20,配送 ¥0,,1,,2.0km,人均 ¥24,"[{'info': '满45减20;满75减33;满100减43', 'iconUrl': 'http://p0.meituan.net/xianfu/f8bc8dffdbc805878aa3801a33f563cd1001.png', 'promotionType': 2, 'activityId': 0}, {'info': '折扣商品5.48折起', 'iconUrl': 'http://p1.meituan.net/xianfu/9c997ecce6150671b8459738a26f8bd9767.png', 'promotionType': 2, 'activityId': 0}]",元光南路元兴大厦9号店面,"00:00-03:00,11:00-23:59"
994341944665896,小四川烧烤小龙虾,45,月售1393,http://p1.meituan.net/waimaipoi/40ddda01d1112319db97df20266bfb6838912.jpg,,40分钟,0,起送 ¥30,配送 ¥0,,1,,1.5km,人均 ¥25,"[{'info': '满20减10;满69减20', 'iconUrl': 'http://p0.meituan.net/xianfu/f8bc8dffdbc805878aa3801a33f563cd1001.png', 'promotionType': 2, 'activityId': 0}, {'info': '折扣商品3.83折起', 'iconUrl': 'http://p1.meituan.net/xianfu/9c997ecce6150671b8459738a26f8bd9767.png', 'promotionType': 2, 'activityId': 0}, {'info': '领5元券;领10元券;领20元券', 'iconUrl': 'http://p0.meituan.net/xianfu/c2c0f31d0ebf0f60af115d058169c492992.png', 'promotionType': 2, 'activityId': 0}]",福建省漳州市芗城区新浦路顶田下一巷69号-1,"00:00-03:59,18:00-23:59"
924574495922216,游福香水饺炖罐,0,月售42,http://p0.meituan.net/waimaipoi/ecf0c5465e4d13b56e513701f3e1e0d720480.jpg,http://p0.meituan.net/aichequan/eb83cb963e67bc0ea4db4d7aef69d62f2578.png,36分钟,1,起送 ¥15,配送 ¥4,,1,,2.1km,,"[{'info': '满25减3;满30减5;满35减8', 'iconUrl': 'http://p0.meituan.net/xianfu/f8bc8dffdbc805878aa3801a33f563cd1001.png', 'promotionType': 2, 'activityId': 0}]",福建省漳州市芗城区丽园街6-9号,"00:00-02:00,10:00-23:59"
906531338299597,古茗（延安北路夜市店）,48,月售5725,http://p0.meituan.net/business/d1f425292860157c2e54485c8574183695559.jpg,,30分钟,1,起送 ¥10,配送 ¥4,,1,,165m,人均 ¥12,福建省漳州市芗城区延安北路41-17号店,"00:00-02:00,10:00-23:59"
945997792767432,小姐姐奶茶（漳州店）,47,月售9999+,http://p0.meituan.net/waimaipoi/5b069a8ba71aa7f02866e0890af0d03395270.jpg,,31分钟,1,起送 ¥10,配送 ¥4,,1,,1.6km,人均 ¥6,"[{'info': '满5减5;满10减10;满20减20;满30减30;满40减40', 'iconUrl': 'http://p0.meituan.net/xianfu/f8bc8dffdbc805878aa3801a33f563cd1001.png', 'promotionType': 2, 'activityId': 0}, {'info': '折扣商品0.1折起', 'iconUrl': 'http://p1.meituan.net/xianfu/9c997ecce6150671b8459738a26f8bd9767.png', 'promotionType': 2, 'activityId': 0}]",福建省漳州市芗城区南昌中路18号九龙城2幢-15号,"00:00-02:00,10:00-23:59"
1037119818904284,福鼎肉片手抓饼（漳州总店）,44,月售6421,http://p0.meituan.net/waimaipoi/d304e13172af86cf224e109b06efcc4e56839.jpg,,30分钟,1,起送 ¥10,配送 ¥4,,1,,359m,人均 ¥16,"[{'info': '满10减8;满20减10;满30减12;满55减15', 'iconUrl': 'http://p0.meituan.net/xianfu/f8bc8dffdbc805878aa3801a33f563cd1001.png', 'promotionType': 2, 'activityId': 0}, {'info': '折扣商品5折起', 'iconUrl': 'http://p1.meituan.net/xianfu/9c997ecce6150671b8459738a26f8bd9767.png', 'promotionType': 2, 'activityId': 0}, {'info': '满55元赠送台式香肠1根', 'iconUrl': 'http://p1.meituan.net/xianfu/5ffe01c550a139db693d152cefd1b247869.png', 'promotionType': 2, 'activityId': 0}]",漳州市芗城区延安北路38号中旅商厦一层8号店面,10:00-23:59
1099405434633556,虾点·川湘水煮（漳州芗城店）,43,月售792,http://p1.meituan.net/business/5deb561ca4dcd7b2fbeed216ed7e4c89404828.png,http://p1.meituan.net/aichequan/a88918ba8699e15a5d16d5d7e09ad0022192.png,40分钟,0,起送 ¥0,配送 ¥0,,1,,558m,人均 ¥44,"[{'info': '满40减20;满75减30;满100减35;满150减50;满200减60', 'iconUrl': 'http://p0.meituan.net/xianfu/f8bc8dffdbc805878aa3801a33f563cd1001.png', 'promotionType': 2, 'activityId': 0}, {'info': '折扣商品3.75折起', 'iconUrl': 'http://p1.meituan.net/xianfu/9c997ecce6150671b8459738a26f8bd9767.png', 'promotionType': 2, 'activityId': 0}, {'info': '实际支付10元返3元商家代金券', 'iconUrl': 'http://p0.meituan.net/xianfu/652eea4034250563fe11b02e3219ba8d981.png', 'promotionType': 2, 'activityId': 0}, {'info': '本店支持开发票，开票金额100元起', 'iconUrl': 'http://p0.meituan.net/xianfu/476ba65ee80b6385bab292c085baed17940.png', 'promotionType': 2, 'activityId': 0}]",小商品城E2栋25号,"00:00-02:00,10:30-13:30,16:30-23:59"
885739401622292,左麻右辣麻辣烫、冒菜(百年传承，香飘万里),45,月售5398,http://p0.meituan.net/waimaipoi/088bb2162df3bab9df687fff692e9dd5413219.jpg,,36分钟,1,起送 ¥10,配送 ¥4,,1,,1.7km,人均 ¥12,"[{'info': '满20减15;满30减17', 'iconUrl': 'http://p0.meituan.net/xianfu/f8bc8dffdbc805878aa3801a33f563cd1001.png', 'promotionType': 2, 'activityId': 0}, {'info': '折扣商品0.5折起', 'iconUrl': 'http://p1.meituan.net/xianfu/9c997ecce6150671b8459738a26f8bd9767.png', 'promotionType': 2, 'activityId': 0}, {'info': '实际支付40元返4元商家代金券', 'iconUrl': 'http://p0.meituan.net/xianfu/652eea4034250563fe11b02e3219ba8d981.png', 'promotionType': 2, 'activityId': 0}, {'info': '满70元赠送送！可乐或雪碧一罐', 'iconUrl': 'http://p1.meituan.net/xianfu/5ffe01c550a139db693d152cefd1b247869.png', 'promotionType': 2, 'activityId': 0}]",福建省漳州市芗城区新浦路前锋新村34幢17号,"00:00-01:00,09:50-23:59"
947904758233098,阿姨粥铺（专心只做粥）,45,月售4233,http://p0.meituan.net/business/194ac314f46c28c1eafeb8dc4e549153219576.jpg,,30分钟,1,起送 ¥12,配送 ¥4,,1,,639m,人均 ¥15,"[{'info': '满25减15;满50减20;满89减25', 'iconUrl': 'http://p0.meituan.net/xianfu/f8bc8dffdbc805878aa3801a33f563cd1001.png', 'promotionType': 2, 'activityId': 0}, {'info': '折扣商品3.32折起', 'iconUrl': 'http://p1.meituan.net/xianfu/9c997ecce6150671b8459738a26f8bd9767.png', 'promotionType': 2, 'activityId': 0}, {'info': '领2元券;领3元券;领4元券', 'iconUrl': 'http://p0.meituan.net/xianfu/c2c0f31d0ebf0f60af115d058169c492992.png', 'promotionType': 2, 'activityId': 0}, {'info': '实际支付1元返1元商家代金券', 'iconUrl': 'http://p0.meituan.net/xianfu/652eea4034250563fe11b02e3219ba8d981.png', 'promotionType': 2, 'activityId': 0}]",民主路3-2号,"00:00-01:30,08:00-23:59"
953256287504717,十里川湘,44,月售7020,http://p0.meituan.net/business/585656d9d3ed5cc27d5e19dc70c64e3332534.jpg,,46分钟,0,起送 ¥25,配送 ¥0,,1,,1.1km,人均 ¥28,"[{'info': '满10减8;满38减13;满55减18;满98减25;满198减45', 'iconUrl': 'http://p0.meituan.net/xianfu/f8bc8dffdbc805878aa3801a33f563cd1001.png', 'promotionType': 2, 'activityId': 0}, {'info': '折扣商品1折起', 'iconUrl': 'http://p1.meituan.net/xianfu/9c997ecce6150671b8459738a26f8bd9767.png', 'promotionType': 2, 'activityId': 0}, {'info': '满38元赠送带字五星好评随机返现', 'iconUrl': 'http://p1.meituan.net/xianfu/5ffe01c550a139db693d152cefd1b247869.png', 'promotionType': 2, 'activityId': 0}]",福建省漳州市芗城区东湖路11号（鑫荣小区配电室1号店面）,"00:00-04:00,10:30-14:00,16:30-23:59"
1122314790238645,网红水果捞.鲜果切,45,月售9999+,http://p0.meituan.net/waimaipoi/40d1e54a71be62d71eaeeeeeee572b8c83382.jpg,,58分钟,1,起送 ¥10,配送 ¥3,,1,,2.2km,,"[{'info': '满10减1;满19减2;满28减3;满46减5;满79减7', 'iconUrl': 'http://p0.meituan.net/xianfu/f8bc8dffdbc805878aa3801a33f563cd1001.png', 'promotionType': 2, 'activityId': 0}, {'info': '折扣商品3.31折起', 'iconUrl': 'http://p1.meituan.net/xianfu/9c997ecce6150671b8459738a26f8bd9767.png', 'promotionType': 2, 'activityId': 0}, {'info': '领3元券', 'iconUrl': 'http://p0.meituan.net/xianfu/c2c0f31d0ebf0f60af115d058169c492992.png', 'promotionType': 2, 'activityId': 0}, {'info': '实际支付20元返2元商家代金券', 'iconUrl': 'http://p0.meituan.net/xianfu/652eea4034250563fe11b02e3219ba8d981.png', 'promotionType': 2, 'activityId': 0}]",新元茗苑12幢11号店面,"00:00-02:00,08:10-23:59"
1114618208782688,曼玲粥店(世纪广场店),44,月售9660,http://p1.meituan.net/waimaipoi/5f71d43a1b3e068973ed682c479e012a57921.jpg,http://p1.meituan.net/aichequan/a88918ba8699e15a5d16d5d7e09ad0022192.png,30分钟,1,起送 ¥15,配送 ¥4,,1,,1.0km,人均 ¥13,"[{'info': '满10减9;满25减16;满49减25;满75减35;满100减40', 'iconUrl': 'http://p0.meituan.net/xianfu/f8bc8dffdbc805878aa3801a33f563cd1001.png', 'promotionType': 2, 'activityId': 0}, {'info': '折扣商品0.17折起', 'iconUrl': 'http://p1.meituan.net/xianfu/9c997ecce6150671b8459738a26f8bd9767.png', 'promotionType': 2, 'activityId': 0}, {'info': '领3元券;领4元券;领10元券', 'iconUrl': 'http://p0.meituan.net/xianfu/c2c0f31d0ebf0f60af115d058169c492992.png', 'promotionType': 2, 'activityId': 0}]",芗城区新华东路北一街12栋15号,"00:00-02:00,08:00-23:59"
846225702489229,志聪煎包（炖品）,49,月售2600,http://p1.meituan.net/waimaipoi/9887fd2f435cc03a3daa0cd6cccaf4f1151102.jpg,,36分钟,1,起送 ¥15,配送 ¥4,,1,,1.3km,人均 ¥19,"[{'info': '满20减6;满30减10;满50减20', 'iconUrl': 'http://p0.meituan.net/xianfu/f8bc8dffdbc805878aa3801a33f563cd1001.png', 'promotionType': 2, 'activityId': 0}, {'info': '折扣商品5折起', 'iconUrl': 'http://p1.meituan.net/xianfu/9c997ecce6150671b8459738a26f8bd9767.png', 'promotionType': 2, 'activityId': 0}, {'info': '领2元券;领5元券', 'iconUrl': 'http://p0.meituan.net/xianfu/c2c0f31d0ebf0f60af115d058169c492992.png', 'promotionType': 2, 'activityId': 0}, {'info': '实际支付25元返3元商家代金券', 'iconUrl': 'http://p0.meituan.net/xianfu/652eea4034250563fe11b02e3219ba8d981.png', 'promotionType': 2, 'activityId': 0}]",福建省漳州市芗城区延安北路74号105室,"00:00-01:00,17:30-23:59"
847999523996063,武汉久久鸭脖,41,月售1724,http://p1.meituan.net/waimaipoi/174f3d7590cf44c8582c36e35b706f11158408.jpg,,35分钟,0,起送 ¥35,配送 ¥0,,1,,1.2km,人均 ¥65,漳州市芗城区新华西路南25幢19号,00:01-23:59
1057104301776683,私房夜色（酸汤鱼，热炒）,47,月售1373,http://p1.meituan.net/waimaipoi/e6a4f940443fa83fdad0557d6ca48826136868.jpg,,35分钟,0,起送 ¥20,配送 ¥0,,1,,952m,人均 ¥30,"[{'info': '满20减15;满50减30;满100减60', 'iconUrl': 'http://p0.meituan.net/xianfu/f8bc8dffdbc805878aa3801a33f563cd1001.png', 'promotionType': 2, 'activityId': 0}, {'info': '折扣商品0.03折起', 'iconUrl': 'http://p1.meituan.net/xianfu/9c997ecce6150671b8459738a26f8bd9767.png', 'promotionType': 2, 'activityId': 0}, {'info': '领7元券', 'iconUrl': 'http://p0.meituan.net/xianfu/c2c0f31d0ebf0f60af115d058169c492992.png', 'promotionType': 2, 'activityId': 0}]",漳州市芗城区新华东商贸街小区12栋A33店面,"00:00-03:00,10:30-13:30,16:30-23:59"
872403528127112,三个先森的韩国炸鸡（漳州总店）,46,月售1655,http://p0.meituan.net/waimaipoi/af8c3506d2a3738d969ceb829a971cd548572.jpg,http://p1.meituan.net/aichequan/a88918ba8699e15a5d16d5d7e09ad0022192.png,39分钟,1,起送 ¥15,配送 ¥5,,1,,2.0km,人均 ¥22,"[{'info': '满30减20;满45减25;满60减30;满75减35;满100减40', 'iconUrl': 'http://p0.meituan.net/xianfu/f8bc8dffdbc805878aa3801a33f563cd1001.png', 'promotionType': 2, 'activityId': 0}, {'info': '折扣商品0.01折起', 'iconUrl': 'http://p1.meituan.net/xianfu/9c997ecce6150671b8459738a26f8bd9767.png', 'promotionType': 2, 'activityId': 0}, {'info': '领5元券', 'iconUrl': 'http://p0.meituan.net/xianfu/c2c0f31d0ebf0f60af115d058169c492992.png', 'promotionType': 2, 'activityId': 0}, {'info': '实际支付10元返2元商家代金券', 'iconUrl': 'http://p0.meituan.net/xianfu/652eea4034250563fe11b02e3219ba8d981.png', 'promotionType': 2, 'activityId': 0}]",福建省漳州市芗城区胜利东路35-18,"00:00-01:30,10:30-23:59"
1046590221830292,舌尖上的湖南三湘粉（夜市店）,46,月售5756,http://p1.meituan.net/waimaipoi/9b20e27c2a72be4246c25bddba63fdd430720.jpg,,30分钟,1,起送 ¥15,配送 ¥4,,1,,578m,人均 ¥16,"[{'info': '满20减5;满40减8;满100减20;满150减32', 'iconUrl': 'http://p0.meituan.net/xianfu/f8bc8dffdbc805878aa3801a33f563cd1001.png', 'promotionType': 2, 'activityId': 0}, {'info': '折扣商品9.08折起', 'iconUrl': 'http://p1.meituan.net/xianfu/9c997ecce6150671b8459738a26f8bd9767.png', 'promotionType': 2, 'activityId': 0}]",福建省漳州市芗城区延安北路87号店面之一,"00:00-01:00,08:00-23:59"
1097472699396591,雷古烤鱼の一鱼多吃,47,月售663,http://p0.meituan.net/waimaipoi/e4b473db4f3359e996299e356b1232d8410909.jpg,,50分钟,0,起送 ¥60,配送 ¥0,,1,,1.2km,,福建省漳州市芗城区北京路258号新华西商业街南18幢D07号,"00:01-01:30,10:30-13:30,16:30-23:59"
848626589222660,小姐姐汉堡,46,月售1937,http://p0.meituan.net/waimaipoi/2dbffdc634f2da98e0f0f022318966a038912.jpg,,58分钟,1,起送 ¥15,配送 ¥4,,1,,2.2km,人均 ¥15,"[{'info': '满30减10;满55减25;满78减35;满138减45', 'iconUrl': 'http://p0.meituan.net/xianfu/f8bc8dffdbc805878aa3801a33f563cd1001.png', 'promotionType': 2, 'activityId': 0}, {'info': '折扣商品2.96折起', 'iconUrl': 'http://p1.meituan.net/xianfu/9c997ecce6150671b8459738a26f8bd9767.png', 'promotionType': 2, 'activityId': 0}, {'info': '领3元券;领10元券;领50元券', 'iconUrl': 'http://p0.meituan.net/xianfu/c2c0f31d0ebf0f60af115d058169c492992.png', 'promotionType': 2, 'activityId': 0}]",福建省漳州市芗城区新元路6-10号,10:30-23:59
1040929454941676,熬粥道砂锅粥(专注每一碗粥),44,月售9999+,http://p1.meituan.net/waimaipoi/87f7187e4c2a69adb490c78a9309e825125809.jpg,,37分钟,1,起送 ¥10,配送 ¥4,,1,,2.2km,人均 ¥13,"[{'info': '满20减15;满25减18;满50减25;满80减30', 'iconUrl': 'http://p0.meituan.net/xianfu/f8bc8dffdbc805878aa3801a33f563cd1001.png', 'promotionType': 2, 'activityId': 0}, {'info': '折扣商品0.37折起', 'iconUrl': 'http://p1.meituan.net/xianfu/9c997ecce6150671b8459738a26f8bd9767.png', 'promotionType': 2, 'activityId': 0}]",福建省漳州市芗城区丽园街4-12号店面,"00:00-02:00,08:10-23:59"
942961250923209,猪骨烧烤,49,月售441,http://p1.meituan.net/waimaipoi/b06c7c1306026c94a5e9405af7a65d0c30720.jpg,,44分钟,0,起送 ¥40,配送 ¥0,,1,,652m,人均 ¥30,"[{'info': '满10减10;满25减20;满40减30;满80减60', 'iconUrl': 'http://p0.meituan.net/xianfu/f8bc8dffdbc805878aa3801a33f563cd1001.png', 'promotionType': 2, 'activityId': 0}, {'info': '折扣商品5折起', 'iconUrl': 'http://p1.meituan.net/xianfu/9c997ecce6150671b8459738a26f8bd9767.png', 'promotionType': 2, 'activityId': 0}]",福建省漳州市芗城区延安北路87号大同旅馆店面第5间,"00:00-04:30,18:00-23:59"
1097313785604584,集集小镇,44,月售3997,http://p0.meituan.net/waimaipoi/85d6a3e13484b3420d516de8bc097e14118166.jpg,,30分钟,1,起送 ¥20,配送 ¥5,,1,,628m,人均 ¥24,"[{'info': '满25减4;满35减8;满55减10', 'iconUrl': 'http://p0.meituan.net/xianfu/f8bc8dffdbc805878aa3801a33f563cd1001.png', 'promotionType': 2, 'activityId': 0}]",漳州市芗城区新华北路24号,"00:00-01:00,08:00-23:59"
1109979644109965,虾鸡霸蟹（漳州店）,45,月售458,http://p0.meituan.net/waimaipoi/01a31c2ef022f39109e9842431ed6905172687.jpg,,35分钟,0,起送 ¥40,配送 ¥0,,1,,1.3km,,"[{'info': '满10减8;满30减12;满65减30;满118减45', 'iconUrl': 'http://p0.meituan.net/xianfu/f8bc8dffdbc805878aa3801a33f563cd1001.png', 'promotionType': 2, 'activityId': 0}, {'info': '折扣商品0.49折起', 'iconUrl': 'http://p1.meituan.net/xianfu/9c997ecce6150671b8459738a26f8bd9767.png', 'promotionType': 2, 'activityId': 0}]",青年亭26号,"00:00-03:00,17:00-23:59"
1039516410677589,沙县小吃（漳州旗舰店）,44,月售4545,http://p0.meituan.net/waimaipoi/533600ac6c8685a42f849c792fcba212270336.jpg,,34分钟,1,起送 ¥15,配送 ¥4,,1,,1.8km,人均 ¥20,"[{'info': '满15减1;满20减4;满30减6;满50减9', 'iconUrl': 'http://p0.meituan.net/xianfu/f8bc8dffdbc805878aa3801a33f563cd1001.png', 'promotionType': 2, 'activityId': 0}, {'info': '折扣商品6.6折起', 'iconUrl': 'http://p1.meituan.net/xianfu/9c997ecce6150671b8459738a26f8bd9767.png', 'promotionType': 2, 'activityId': 0}, {'info': '实际支付15元返2元商家代金券', 'iconUrl': 'http://p0.meituan.net/xianfu/652eea4034250563fe11b02e3219ba8d981.png', 'promotionType': 2, 'activityId': 0}]",漳州市芗城区九龙新村10幢12号,"00:00-01:40,08:00-23:59"
1060982657246358,古茗（沃尔玛店),47,月售9888,http://p1.meituan.net/business/69ba3c7aa0986ce141ec577470a6c0a428380.jpg,,47分钟,1,起送 ¥10,配送 ¥4.5,,1,,2.7km,人均 ¥12,福建省漳州市芗城区文华园3幢1号-1,10:10-23:59
1047384790778297,漳客烧烤,49,月售455,http://p0.meituan.net/waimaipoi/4a0568898c6c215aad7205230658f18845056.jpg,,45分钟,0,起送 ¥30,配送 ¥0,,1,,1.7km,人均 ¥23,"[{'info': '满30减25;满50减48;满100减98', 'iconUrl': 'http://p0.meituan.net/xianfu/f8bc8dffdbc805878aa3801a33f563cd1001.png', 'promotionType': 2, 'activityId': 0}, {'info': '折扣商品5折起', 'iconUrl': 'http://p1.meituan.net/xianfu/9c997ecce6150671b8459738a26f8bd9767.png', 'promotionType': 2, 'activityId': 0}]",前锋新村2幢104号,"00:00-02:00,17:00-23:59"
1044077665961395,夜战小厨,40,月售2880,http://p0.meituan.net/waimaipoi/451496e8f3fef007acb9909c50a950da30720.jpg,,38分钟,0,起送 ¥20,配送 ¥0,,1,,2.2km,人均 ¥32,"[{'info': '满30减2;满68减6;满98减10', 'iconUrl': 'http://p0.meituan.net/xianfu/f8bc8dffdbc805878aa3801a33f563cd1001.png', 'promotionType': 2, 'activityId': 0}]",福建省漳州市芗城区悦花园1幢北11号,"00:00-06:00,10:30-14:00,17:00-23:59"
1066243992168435,老北京炸酱面（漳州店）,46,月售4593,http://p0.meituan.net/waimaipoi/2263699bce03178c76a0cf90ab5f2b7034816.jpg,,41分钟,1,起送 ¥15,配送 ¥4.5,,1,,2.7km,人均 ¥18,"[{'info': '满25减6;满45减8;满65减10', 'iconUrl': 'http://p0.meituan.net/xianfu/f8bc8dffdbc805878aa3801a33f563cd1001.png', 'promotionType': 2, 'activityId': 0}, {'info': '折扣商品6折起', 'iconUrl': 'http://p1.meituan.net/xianfu/9c997ecce6150671b8459738a26f8bd9767.png', 'promotionType': 2, 'activityId': 0}, {'info': '满200元赠送王老吉2瓶', 'iconUrl': 'http://p1.meituan.net/xianfu/5ffe01c550a139db693d152cefd1b247869.png', 'promotionType': 2, 'activityId': 0}]",漳州市芗城区南昌路香格里拉观园4幢13号,"00:00-01:59,08:00-23:59"
1074851106617019,85度C（延安北店ZA003）,47,月售1302,http://p1.meituan.net/waimaipoi/f7b4ff730e90807900799b95a7c998eb8969.jpeg,http://p1.meituan.net/aichequan/a88918ba8699e15a5d16d5d7e09ad0022192.png,37分钟,1,起送 ¥25,配送 ¥5,,1,,793m,人均 ¥22,"[{'info': '折扣商品9折起', 'iconUrl': 'http://p1.meituan.net/xianfu/9c997ecce6150671b8459738a26f8bd9767.png', 'promotionType': 2, 'activityId': 0}, {'info': '本店支持开发票，开票金额0元起', 'iconUrl': 'http://p0.meituan.net/xianfu/476ba65ee80b6385bab292c085baed17940.png', 'promotionType': 2, 'activityId': 0}]",漳州市芗城区延安北路7号,09:00-23:30
1028577128942707,川湘园,47,月售1303,http://p0.meituan.net/waimaipoi/fafed77ccca9cde92ad2a305bd1da30682058.jpg,,43分钟,0,起送 ¥30,配送 ¥0,,1,,754m,,"[{'info': '满20减15;满50减30;满100减60;满200减120', 'iconUrl': 'http://p0.meituan.net/xianfu/f8bc8dffdbc805878aa3801a33f563cd1001.png', 'promotionType': 2, 'activityId': 0}, {'info': '折扣商品1.67折起', 'iconUrl': 'http://p1.meituan.net/xianfu/9c997ecce6150671b8459738a26f8bd9767.png', 'promotionType': 2, 'activityId': 0}, {'info': '新客领3元券;新客领6元券', 'iconUrl': 'http://p0.meituan.net/xianfu/c2c0f31d0ebf0f60af115d058169c492992.png', 'promotionType': 2, 'activityId': 0}, {'info': '实际支付5元返10元商家代金券', 'iconUrl': 'http://p0.meituan.net/xianfu/652eea4034250563fe11b02e3219ba8d981.png', 'promotionType': 2, 'activityId': 0}]",福建省漳州市芗城区打铜街1号陆达花园5幢6号,"10:30-14:00,16:00-23:59"
1059337684716907,阿青龙虾（天下广场店）,44,月售316,http://p1.meituan.net/waimaipoi/3dbb24902666f0e485913b6331138c77219318.jpg,,39分钟,0,起送 ¥49,配送 ¥6,,1,,2.2km,,"[{'info': '满58减6;满98减10;满168减17;满248减25;满328减33', 'iconUrl': 'http://p0.meituan.net/xianfu/f8bc8dffdbc805878aa3801a33f563cd1001.png', 'promotionType': 2, 'activityId': 0}, {'info': '折扣商品9.5折起', 'iconUrl': 'http://p1.meituan.net/xianfu/9c997ecce6150671b8459738a26f8bd9767.png', 'promotionType': 2, 'activityId': 0}, {'info': '本店支持开发票，开票金额200元起', 'iconUrl': 'http://p0.meituan.net/xianfu/476ba65ee80b6385bab292c085baed17940.png', 'promotionType': 2, 'activityId': 0}]",福建省漳州市芗城区天下广场C7栋D09号店面,"00:00-02:00,16:30-23:59"
964109669838486,很便宜炭烤,40,月售5163,http://p1.meituan.net/waimaipoi/b6998e98168c0f5a5cf779cf2a55966a261552.jpg,,45分钟,0,起送 ¥30,配送 ¥0,,1,,2.2km,人均 ¥19,"[{'info': '满10减9;满20减18;满40减38;满70减68', 'iconUrl': 'http://p0.meituan.net/xianfu/f8bc8dffdbc805878aa3801a33f563cd1001.png', 'promotionType': 2, 'activityId': 0}, {'info': '折扣商品2.2折起', 'iconUrl': 'http://p1.meituan.net/xianfu/9c997ecce6150671b8459738a26f8bd9767.png', 'promotionType': 2, 'activityId': 0}, {'info': '领4元券;领20元券', 'iconUrl': 'http://p0.meituan.net/xianfu/c2c0f31d0ebf0f60af115d058169c492992.png', 'promotionType': 2, 'activityId': 0}, {'info': '实际支付30元返3元商家代金券', 'iconUrl': 'http://p0.meituan.net/xianfu/652eea4034250563fe11b02e3219ba8d981.png', 'promotionType': 2, 'activityId': 0}]",福建省漳州市芗城区东南商贸城12栋2号店,"00:00-04:00,16:30-23:59"
1023607851784087,汁味炸酱面（酱香饭•酸辣粉),47,月售5203,http://p1.meituan.net/waimaipoi/24e1550922f56cfe4111e33b3454bbf6463692.jpg,,54分钟,1,起送 ¥10,配送 ¥4,,1,,2.1km,人均 ¥16,"[{'info': '满22减10;满30减16;满50减22;满100减35', 'iconUrl': 'http://p0.meituan.net/xianfu/f8bc8dffdbc805878aa3801a33f563cd1001.png', 'promotionType': 2, 'activityId': 0}, {'info': '折扣商品5折起', 'iconUrl': 'http://p1.meituan.net/xianfu/9c997ecce6150671b8459738a26f8bd9767.png', 'promotionType': 2, 'activityId': 0}, {'info': '满60元赠送赠饮一杯，需要备注', 'iconUrl': 'http://p1.meituan.net/xianfu/5ffe01c550a139db693d152cefd1b247869.png', 'promotionType': 2, 'activityId': 0}]",福建省漳州市芗城区新浦路祥龙花苑5号店面,"00:00-02:00,10:00-23:59"
895746675399240,大叔鸡排（漳州总店）,46,月售9999+,http://p0.meituan.net/business/acfd85264ca872bf9a356a137aa094e31821695.jpg,,30分钟,1,起送 ¥10,配送 ¥4,,1,,1.5km,人均 ¥13,"[{'info': '满20减6;满30减10;满50减14', 'iconUrl': 'http://p0.meituan.net/xianfu/f8bc8dffdbc805878aa3801a33f563cd1001.png', 'promotionType': 2, 'activityId': 0}, {'info': '折扣商品8.75折起', 'iconUrl': 'http://p1.meituan.net/xianfu/9c997ecce6150671b8459738a26f8bd9767.png', 'promotionType': 2, 'activityId': 0}]",芗城区县后路2_14号店面大叔鸡排（县后路）,10:50-23:30
999667704097301,古茗（文昌门店）,48,月售4377,http://p1.meituan.net/business/34b13aedc78c95562ba201cc953770df101376.jpg,,30分钟,1,起送 ¥10,配送 ¥4,,1,,967m,人均 ¥12,漳州市芗城区东华广场1幢9-10号店铺,"00:01-02:00,09:50-23:59"
1089406750797166,御牌烧烤（民主路店）,48,月售411,http://p0.meituan.net/business/a30939bf77b4f7c44bd786252113ad94327117.jpg,,58分钟,0,起送 ¥40,配送 ¥0,,1,,485m,人均 ¥36,"[{'info': '满20减15;满30减28;满60减58;满80减78;满100减99', 'iconUrl': 'http://p0.meituan.net/xianfu/f8bc8dffdbc805878aa3801a33f563cd1001.png', 'promotionType': 2, 'activityId': 0}, {'info': '折扣商品4.4折起', 'iconUrl': 'http://p1.meituan.net/xianfu/9c997ecce6150671b8459738a26f8bd9767.png', 'promotionType': 2, 'activityId': 0}]",福建省漳州市芗城区民主路36栋5号、6号,"00:00-03:00,18:00-23:59"
908829145768884,傻才烧鸡（姜母鸭、蒸鸡）,48,月售1748,http://p0.meituan.net/waimaipoi/6d211e3f45168e983fc15654398402b4235520.jpg,,42分钟,0,起送 ¥0,配送 ¥0,,1,,1.8km,,"[{'info': '满15减15;满30减20', 'iconUrl': 'http://p0.meituan.net/xianfu/f8bc8dffdbc805878aa3801a33f563cd1001.png', 'promotionType': 2, 'activityId': 0}, {'info': '折扣商品0.2折起', 'iconUrl': 'http://p1.meituan.net/xianfu/9c997ecce6150671b8459738a26f8bd9767.png', 'promotionType': 2, 'activityId': 0}]",漳州市芗城区天下广场B1幢S157-1号店面,"00:00-02:01,10:50-23:59"
1094311603464538,壹号基（炸鸡汉堡）,45,月售8630,http://p1.meituan.net/waimaipoi/2e91cb68bd3f66a18a2ddb73c4a7539d84973.jpg,,34分钟,1,起送 ¥15,配送 ¥4,,1,,1.6km,人均 ¥15,"[{'info': '满15减7;满25减15;满35减20;满45减30', 'iconUrl': 'http://p0.meituan.net/xianfu/f8bc8dffdbc805878aa3801a33f563cd1001.png', 'promotionType': 2, 'activityId': 0}, {'info': '折扣商品0.87折起', 'iconUrl': 'http://p1.meituan.net/xianfu/9c997ecce6150671b8459738a26f8bd9767.png', 'promotionType': 2, 'activityId': 0}]",福建省漳州市芗城区九龙城1幢9号店面,10:00-23:59
973575777773570,诸葛烧烤烤鱼城（专业碳烤十二年）,37,月售2834,http://p0.meituan.net/waimaipoi/081e232b4cee0386af8da3bd50c9ea15465632.jpg,,45分钟,0,起送 ¥29,配送 ¥0,,1,,2.0km,人均 ¥22,"[{'info': '满12减12;满20减19;满30减28;满50减48;满100减80', 'iconUrl': 'http://p0.meituan.net/xianfu/f8bc8dffdbc805878aa3801a33f563cd1001.png', 'promotionType': 2, 'activityId': 0}, {'info': '折扣商品2.75折起', 'iconUrl': 'http://p1.meituan.net/xianfu/9c997ecce6150671b8459738a26f8bd9767.png', 'promotionType': 2, 'activityId': 0}, {'info': '实际支付20元返3元商家代金券', 'iconUrl': 'http://p0.meituan.net/xianfu/652eea4034250563fe11b02e3219ba8d981.png', 'promotionType': 2, 'activityId': 0}]",福建省漳州市芗城区柑仔市前锋工业区西边1号店面,"00:00-04:00,16:28-23:59"
968786889275202,豪嘉基（炸鸡汉堡）,45,月售1429,http://p1.meituan.net/waimaipoi/99f1175a8ac0d2d4c68849f4d3950251169834.jpg,,39分钟,1,起送 ¥15,配送 ¥4,,1,,1.0km,人均 ¥18,"[{'info': '满25减15;满35减20;满50减27;满70减33', 'iconUrl': 'http://p0.meituan.net/xianfu/f8bc8dffdbc805878aa3801a33f563cd1001.png', 'promotionType': 2, 'activityId': 0}, {'info': '折扣商品2折起', 'iconUrl': 'http://p1.meituan.net/xianfu/9c997ecce6150671b8459738a26f8bd9767.png', 'promotionType': 2, 'activityId': 0}]",福建省漳州市芗城区漳福路18-4号,"00:00-01:00,10:00-23:59"
917517864655951,圆圈卤料,44,月售517,http://p0.meituan.net/waimaipoi/e7b720378d502f442eb7f0cb1a31106751463.jpg,,30分钟,1,起送 ¥18,配送 ¥4,,1,,1.0km,人均 ¥50,漳州市芗城区打锡巷1幢8-9号,"00:00-02:00,10:30-23:59"
932623264626724,贝克汉堡（漳州店）,46,月售3615,http://p0.meituan.net/waimaipoi/f08ac17e4cfc5873773b8215a71644ca587125.jpg,,36分钟,1,起送 ¥15,配送 ¥4,,1,,1.8km,人均 ¥17,"[{'info': '满30减22;满50减25;满80减44', 'iconUrl': 'http://p0.meituan.net/xianfu/f8bc8dffdbc805878aa3801a33f563cd1001.png', 'promotionType': 2, 'activityId': 0}, {'info': '折扣商品2折起', 'iconUrl': 'http://p1.meituan.net/xianfu/9c997ecce6150671b8459738a26f8bd9767.png', 'promotionType': 2, 'activityId': 0}]",福建省漳州市芗城区水仙大街22号温泉佳苑1幢09号,"00:00-01:00,10:00-23:59"
849730395770116,立锋碳烤生蚝（16年烧烤老店）,47,月售2404,http://p0.meituan.net/waimaipoi/4064a96159f1f7c5adf7ca3e94fd3ad3333744.jpg,,65分钟,0,起送 ¥50,配送 ¥0,,1,,2.4km,人均 ¥43,漳州市芗城区新浦路竹围内25-3号,"00:00-01:30,17:30-23:59"
938034923426272,华莱士炸鸡汉堡（君临天下店）,40,月售4575,http://p1.meituan.net/waimaipoi/7272aaac9ccda9058b303e8a29d3ab9e30019.jpg,http://p1.meituan.net/aichequan/a88918ba8699e15a5d16d5d7e09ad0022192.png,36分钟,1,起送 ¥15,配送 ¥5,,1,,1.9km,人均 ¥18,"[{'info': '满30减12;满50减23;满70减30', 'iconUrl': 'http://p0.meituan.net/xianfu/f8bc8dffdbc805878aa3801a33f563cd1001.png', 'promotionType': 2, 'activityId': 0}, {'info': '折扣商品2.58折起', 'iconUrl': 'http://p1.meituan.net/xianfu/9c997ecce6150671b8459738a26f8bd9767.png', 'promotionType': 2, 'activityId': 0}, {'info': '满35元赠送三个上校鸡块', 'iconUrl': 'http://p1.meituan.net/xianfu/5ffe01c550a139db693d152cefd1b247869.png', 'promotionType': 2, 'activityId': 0}, {'info': '本店支持开发票，开票金额0元起', 'iconUrl': 'http://p0.meituan.net/xianfu/476ba65ee80b6385bab292c085baed17940.png', 'promotionType': 2, 'activityId': 0}]",漳州市君临天下5号楼D13店面,"00:00-01:00,09:20-14:00,14:20-23:59"
860820001377575,甩确精武鸭脖,43,月售1456,http://p1.meituan.net/waimaipoi/d3e07f8d5e3388aa14ff146ff4acf5b860664.jpg,,41分钟,1,起送 ¥30,配送 ¥4,,1,,1.0km,人均 ¥49,漳州市芗城区新华西南20幢26号,"00:00-02:00,10:00-23:59"
1040491368238570,盛鑫水果店超市,42,月售3173,http://p0.meituan.net/waimaipoi/101c00360a56d0706effdfcd9fb190dc99348.jpg,,33分钟,1,起送 ¥10,配送 ¥3,,1,,1.8km,,"[{'info': '满19减2;满28减3;满38减4;满46减5', 'iconUrl': 'http://p0.meituan.net/xianfu/f8bc8dffdbc805878aa3801a33f563cd1001.png', 'promotionType': 2, 'activityId': 0}, {'info': '折扣商品4折起', 'iconUrl': 'http://p1.meituan.net/xianfu/9c997ecce6150671b8459738a26f8bd9767.png', 'promotionType': 2, 'activityId': 0}, {'info': '实际支付18元返1元商家代金券', 'iconUrl': 'http://p0.meituan.net/xianfu/652eea4034250563fe11b02e3219ba8d981.png', 'promotionType': 2, 'activityId': 0}, {'info': '满39元赠送混果切1份', 'iconUrl': 'http://p1.meituan.net/xianfu/5ffe01c550a139db693d152cefd1b247869.png', 'promotionType': 2, 'activityId': 0}]",天下广场九龙新村9栋15号,"00:00-02:00,08:15-23:59"
1093791912368237,阿斌烧烤烤鱼,44,月售1141,http://p0.meituan.net/waimaipoi/c6a2e0f8a300d0df6532ca7721f78be2204800.jpg,,35分钟,0,起送 ¥20,配送 ¥0,,1,,1.8km,人均 ¥20,"[{'info': '满10减9;满36减35;满66减65', 'iconUrl': 'http://p0.meituan.net/xianfu/f8bc8dffdbc805878aa3801a33f563cd1001.png', 'promotionType': 2, 'activityId': 0}, {'info': '折扣商品3.33折起', 'iconUrl': 'http://p1.meituan.net/xianfu/9c997ecce6150671b8459738a26f8bd9767.png', 'promotionType': 2, 'activityId': 0}]",福建省漳州市芗城区菜市路天成佳园2号店,"00:00-04:10,16:30-23:59"
1032094707210510,台湾手抓饼＆四果汤,45,月售872,http://p0.meituan.net/waimaipoi/8f41f04625c438a6b6da0da1220a0116279652.jpg,,55分钟,1,起送 ¥10,配送 ¥4,,1,,2.2km,人均 ¥13,"[{'info': '满10减8;满20减10;满30减12', 'iconUrl': 'http://p0.meituan.net/xianfu/f8bc8dffdbc805878aa3801a33f563cd1001.png', 'promotionType': 2, 'activityId': 0}, {'info': '折扣商品7.99折起', 'iconUrl': 'http://p1.meituan.net/xianfu/9c997ecce6150671b8459738a26f8bd9767.png', 'promotionType': 2, 'activityId': 0}, {'info': '实际支付18元返2元商家代金券', 'iconUrl': 'http://p0.meituan.net/xianfu/652eea4034250563fe11b02e3219ba8d981.png', 'promotionType': 2, 'activityId': 0}]",福建省漳州市芗城区新浦路竹围新村3幢103号储藏室,"00:00-01:25,11:30-23:59"
1005723607958494,卤小三（卤料·鸭脖·鸡爪·鸡腿）,45,月售1919,http://p0.meituan.net/business/d4d66a98c9fcf93f0bd195f5ad59f168174318.jpg,,30分钟,1,起送 ¥20,配送 ¥4,,1,,1.4km,人均 ¥31,"[{'info': '满38减10;满58减15;满78减20', 'iconUrl': 'http://p0.meituan.net/xianfu/f8bc8dffdbc805878aa3801a33f563cd1001.png', 'promotionType': 2, 'activityId': 0}, {'info': '折扣商品3.8折起', 'iconUrl': 'http://p1.meituan.net/xianfu/9c997ecce6150671b8459738a26f8bd9767.png', 'promotionType': 2, 'activityId': 0}, {'info': '领2元券', 'iconUrl': 'http://p0.meituan.net/xianfu/c2c0f31d0ebf0f60af115d058169c492992.png', 'promotionType': 2, 'activityId': 0}]",瑞京路瑞京园2栋5号店,"00:00-01:00,12:15-23:59"
980271631819391,尚品炖罐,47,月售619,http://p1.meituan.net/waimaipoi/481f4aee70335d84fdb7d4e6f15f3b4d32768.jpg,,32分钟,1,起送 ¥15,配送 ¥4,,1,,987m,人均 ¥28,"[{'info': '满10减4;满30减6;满50减8', 'iconUrl': 'http://p0.meituan.net/xianfu/f8bc8dffdbc805878aa3801a33f563cd1001.png', 'promotionType': 2, 'activityId': 0}, {'info': '折扣商品7.52折起', 'iconUrl': 'http://p1.meituan.net/xianfu/9c997ecce6150671b8459738a26f8bd9767.png', 'promotionType': 2, 'activityId': 0}]",腾飞路575-33店面,"00:00-01:00,10:32-23:59"
846427565935087,巧香卤料（15年老店）,46,月售513,http://p0.meituan.net/waimaipoi/21181e4c0d621abab5c6ea9194c1621b289532.jpg,,54分钟,1,起送 ¥13,配送 ¥4,,1,,2.1km,人均 ¥42,"[{'info': '满20减4;满40减8;满60减12', 'iconUrl': 'http://p0.meituan.net/xianfu/f8bc8dffdbc805878aa3801a33f563cd1001.png', 'promotionType': 2, 'activityId': 0}, {'info': '折扣商品5折起', 'iconUrl': 'http://p1.meituan.net/xianfu/9c997ecce6150671b8459738a26f8bd9767.png', 'promotionType': 2, 'activityId': 0}, {'info': '领3元券', 'iconUrl': 'http://p0.meituan.net/xianfu/c2c0f31d0ebf0f60af115d058169c492992.png', 'promotionType': 2, 'activityId': 0}, {'info': '实际支付30元返5元商家代金券', 'iconUrl': 'http://p0.meituan.net/xianfu/652eea4034250563fe11b02e3219ba8d981.png', 'promotionType': 2, 'activityId': 0}]",巷口柑仔市38-6号店面,"00:00-01:00,16:30-23:59"
1077093079547732,山东杂粮煎饼,48,月售3264,http://p0.meituan.net/waimaipoi/2270cbd0bbbf0d15064b374185a3dcc3566279.jpg,,34分钟,1,起送 ¥10,配送 ¥4,,1,,1.7km,人均 ¥13,"[{'info': '满20减3;满45减6', 'iconUrl': 'http://p0.meituan.net/xianfu/f8bc8dffdbc805878aa3801a33f563cd1001.png', 'promotionType': 2, 'activityId': 0}, {'info': '折扣商品1折起', 'iconUrl': 'http://p1.meituan.net/xianfu/9c997ecce6150671b8459738a26f8bd9767.png', 'promotionType': 2, 'activityId': 0}, {'info': '领1元券', 'iconUrl': 'http://p0.meituan.net/xianfu/c2c0f31d0ebf0f60af115d058169c492992.png', 'promotionType': 2, 'activityId': 0}, {'info': '实际支付20元返2元商家代金券', 'iconUrl': 'http://p0.meituan.net/xianfu/652eea4034250563fe11b02e3219ba8d981.png', 'promotionType': 2, 'activityId': 0}, {'info': '满35元赠送冰红茶或芦柑或冬瓜菊花茶', 'iconUrl': 'http://p1.meituan.net/xianfu/5ffe01c550a139db693d152cefd1b247869.png', 'promotionType': 2, 'activityId': 0}]",福建省漳州市芗城区新浦路6号前锋新村11幢38号店面,09:00-23:59
1083028724358448,咕嘟香麻辣烫（沃尔玛店）,45,月售9961,http://p0.meituan.net/waimaipoi/c471335616347dbf8fa25672c41d970142649.jpg,,42分钟,1,起送 ¥10,配送 ¥4.5,,1,,2.7km,人均 ¥21,"[{'info': '满22减10;满35减15;满65减20', 'iconUrl': 'http://p0.meituan.net/xianfu/f8bc8dffdbc805878aa3801a33f563cd1001.png', 'promotionType': 2, 'activityId': 0}, {'info': '折扣商品5折起', 'iconUrl': 'http://p1.meituan.net/xianfu/9c997ecce6150671b8459738a26f8bd9767.png', 'promotionType': 2, 'activityId': 0}, {'info': '领3元券', 'iconUrl': 'http://p0.meituan.net/xianfu/c2c0f31d0ebf0f60af115d058169c492992.png', 'promotionType': 2, 'activityId': 0}, {'info': '实际支付28元返3元商家代金券', 'iconUrl': 'http://p0.meituan.net/xianfu/652eea4034250563fe11b02e3219ba8d981.png', 'promotionType': 2, 'activityId': 0}, {'info': '满28元赠送夏饮一瓶', 'iconUrl': 'http://p1.meituan.net/xianfu/5ffe01c550a139db693d152cefd1b247869.png', 'promotionType': 2, 'activityId': 0}]",漳州市南昌中路文华园外围市场1号店,"00:00-02:00,09:30-23:59"
965668742997399,华莱士炸鸡汉堡（延安北店）,42,月售1243,http://p1.meituan.net/waimaipoi/7272aaac9ccda9058b303e8a29d3ab9e30019.jpg,http://p1.meituan.net/aichequan/a88918ba8699e15a5d16d5d7e09ad0022192.png,30分钟,1,起送 ¥20,配送 ¥5,,1,,326m,人均 ¥20,"[{'info': '满30减10;满50减20;满70减26', 'iconUrl': 'http://p0.meituan.net/xianfu/f8bc8dffdbc805878aa3801a33f563cd1001.png', 'promotionType': 2, 'activityId': 0}, {'info': '折扣商品3.72折起', 'iconUrl': 'http://p1.meituan.net/xianfu/9c997ecce6150671b8459738a26f8bd9767.png', 'promotionType': 2, 'activityId': 0}, {'info': '本店支持开发票，开票金额0元起', 'iconUrl': 'http://p0.meituan.net/xianfu/476ba65ee80b6385bab292c085baed17940.png', 'promotionType': 2, 'activityId': 0}]",漳州市芗城区延安北路中旅商厦一层14号店面,"00:00-01:00,09:10-23:59"
1034748997008313,洪濑闽香世家鸡爪（总店）,44,月售1800,http://p0.meituan.net/waimaipoi/1579acb6baa27a03bf96ff9cb236e375331475.jpg,,32分钟,1,起送 ¥20,配送 ¥4,,1,,1.8km,人均 ¥39,福建省漳州市芗城区南昌中路18号九龙城5B幢D01号店面,"00:00-01:30,11:30-23:59"
960321508707565,三叔粥铺（漳州店）,45,月售6746,http://p1.meituan.net/waimaipoi/cbb172efef5dd25fa117b64e2238f129225798.jpg,,30分钟,1,起送 ¥15,配送 ¥4,,1,,2.5km,人均 ¥16,"[{'info': '满22减10;满50减17', 'iconUrl': 'http://p0.meituan.net/xianfu/f8bc8dffdbc805878aa3801a33f563cd1001.png', 'promotionType': 2, 'activityId': 0}, {'info': '折扣商品3折起', 'iconUrl': 'http://p1.meituan.net/xianfu/9c997ecce6150671b8459738a26f8bd9767.png', 'promotionType': 2, 'activityId': 0}]",福建省漳州市芗城区新浦路竹围新村14幢104号,"00:00-01:59,08:00-23:59"
903834098829597,品御贡茶（冷热饮品•咖啡）,47,月售4026,http://p0.meituan.net/waimaipoi/5ec3441b7a3d3e6fbdf95a60e16a81d8393543.png,,52分钟,1,起送 ¥10,配送 ¥4,,1,,2.0km,人均 ¥8,"[{'info': '满11减10;满21减20;满31减30;满41减40;满51减50', 'iconUrl': 'http://p0.meituan.net/xianfu/f8bc8dffdbc805878aa3801a33f563cd1001.png', 'promotionType': 2, 'activityId': 0}, {'info': '折扣商品1.41折起', 'iconUrl': 'http://p1.meituan.net/xianfu/9c997ecce6150671b8459738a26f8bd9767.png', 'promotionType': 2, 'activityId': 0}, {'info': '领2元券;领3元券;领4元券', 'iconUrl': 'http://p0.meituan.net/xianfu/c2c0f31d0ebf0f60af115d058169c492992.png', 'promotionType': 2, 'activityId': 0}, {'info': '实际支付26元返2元商家代金券', 'iconUrl': 'http://p0.meituan.net/xianfu/652eea4034250563fe11b02e3219ba8d981.png', 'promotionType': 2, 'activityId': 0}]",福建省漳州市芗城区元光南路18号悦华园新丰源购物广场（大门右边柜台）,10:00-23:59
994694131989525,邹家原味鸡（滋补鸡•人参鸡）,48,月售1400,http://p1.meituan.net/waimaipoi/605802ea49c12e0b117c7baaccede8cf213707.jpg,,40分钟,0,起送 ¥0,配送 ¥0,,1,,2.1km,人均 ¥50,"[{'info': '满45减20;满90减40;满120减60', 'iconUrl': 'http://p0.meituan.net/xianfu/f8bc8dffdbc805878aa3801a33f563cd1001.png', 'promotionType': 2, 'activityId': 0}, {'info': '折扣商品6.85折起', 'iconUrl': 'http://p1.meituan.net/xianfu/9c997ecce6150671b8459738a26f8bd9767.png', 'promotionType': 2, 'activityId': 0}]",福建省漳州市芗城区新浦路丽嘉花园E幢03号,"00:00-03:30,11:00-23:59"
1043450600729022,湖南三湘粉（世纪广场店）,45,月售1445,http://p1.meituan.net/waimaipoi/c50f1a659e1b3a296e1baa4d4a314a1a45056.jpg,,30分钟,1,起送 ¥15,配送 ¥4,,1,,1.1km,人均 ¥17,"[{'info': '满20减5;满35减8;满48减12', 'iconUrl': 'http://p0.meituan.net/xianfu/f8bc8dffdbc805878aa3801a33f563cd1001.png', 'promotionType': 2, 'activityId': 0}]",漳州市芗城区新华东商贸广场高力大厦A6店面及A5、A6店面阁楼,"00:00-02:00,08:00-23:59"
916173539885623,食味鲜烧烤（总店）,44,月售1094,http://p1.meituan.net/waimaipoi/add8ce41c34da8ab228618bacd9f5bec45056.jpg,,51分钟,0,起送 ¥40,配送 ¥0,,1,,1.8km,人均 ¥38,"[{'info': '满50减2;满80减3;满100减5;满150减8;满200减10', 'iconUrl': 'http://p0.meituan.net/xianfu/f8bc8dffdbc805878aa3801a33f563cd1001.png', 'promotionType': 2, 'activityId': 0}]",福建省漳州市芗城区天下广场B1幢S58号,"00:00-03:20,19:45-23:59"
952195430579693,辣友道,47,月售966,http://p1.meituan.net/business/f4b1c13141d7d2db60643c5e1195bac660656.png,,56分钟,0,起送 ¥20,配送 ¥0,,1,,2.0km,人均 ¥30,"[{'info': '满10减8;满40减15;满90减30;满199减70;满400减150', 'iconUrl': 'http://p0.meituan.net/xianfu/f8bc8dffdbc805878aa3801a33f563cd1001.png', 'promotionType': 2, 'activityId': 0}, {'info': '折扣商品3.7折起', 'iconUrl': 'http://p1.meituan.net/xianfu/9c997ecce6150671b8459738a26f8bd9767.png', 'promotionType': 2, 'activityId': 0}]",福建省漳州市芗城区新浦路13-6之3,"00:00-06:00,10:30-14:00,16:30-23:59"
1117487246960448,酥香集同安香骨炸鸡（世纪广场店）,46,月售2412,http://p0.meituan.net/waimaipoi/4037dc5c7ebab376bf9c4ccc33497730244768.jpg,,30分钟,1,起送 ¥15,配送 ¥4,,1,,1.0km,人均 ¥18,"[{'info': '满20减5;满32减10', 'iconUrl': 'http://p0.meituan.net/xianfu/f8bc8dffdbc805878aa3801a33f563cd1001.png', 'promotionType': 2, 'activityId': 0}, {'info': '折扣商品3.33折起', 'iconUrl': 'http://p1.meituan.net/xianfu/9c997ecce6150671b8459738a26f8bd9767.png', 'promotionType': 2, 'activityId': 0}]",东华广场1幢01号,"00:00-01:02,10:50-23:59"
971140531349003,忆回味川菜馆,44,月售4264,http://p0.meituan.net/waimaipoi/7b222a81487a7809f6ade16289545cb3369511.jpg,,43分钟,0,起送 ¥20,配送 ¥0,,1,,2.1km,人均 ¥29,"[{'info': '满30减3;满50减5', 'iconUrl': 'http://p0.meituan.net/xianfu/f8bc8dffdbc805878aa3801a33f563cd1001.png', 'promotionType': 2, 'activityId': 0}, {'info': '折扣商品5折起', 'iconUrl': 'http://p1.meituan.net/xianfu/9c997ecce6150671b8459738a26f8bd9767.png', 'promotionType': 2, 'activityId': 0}, {'info': '本店支持开发票，开票金额100元起', 'iconUrl': 'http://p0.meituan.net/xianfu/476ba65ee80b6385bab292c085baed17940.png', 'promotionType': 2, 'activityId': 0}]",天下广场A区A1栋S3号店面,"00:00-01:00,10:00-23:59"
877037797848469,福记港式套餐,44,月售8401,http://p0.meituan.net/waimaipoi/1f2673b35f41f878ca7c81e3f714482d69902.jpg,,57分钟,1,起送 ¥10,配送 ¥4,,1,,2.3km,人均 ¥20,"[{'info': '满20减12;满45减18;满60减22;满100减30', 'iconUrl': 'http://p0.meituan.net/xianfu/f8bc8dffdbc805878aa3801a33f563cd1001.png', 'promotionType': 2, 'activityId': 0}, {'info': '折扣商品0.67折起', 'iconUrl': 'http://p1.meituan.net/xianfu/9c997ecce6150671b8459738a26f8bd9767.png', 'promotionType': 2, 'activityId': 0}]",福建省漳州市芗城区新浦路竹围内101号,"00:00-02:00,10:30-23:59"
891743765896257,胖子牛肉拉面（文华园总店）,46,月售4183,http://p1.meituan.net/wmproduct/b8217a5210b8ccbf1fdc4dbdda90800a287945.jpg,,43分钟,1,起送 ¥10,配送 ¥4.5,,1,,2.7km,人均 ¥17,"[{'info': '满20减8;满38减12', 'iconUrl': 'http://p0.meituan.net/xianfu/f8bc8dffdbc805878aa3801a33f563cd1001.png', 'promotionType': 2, 'activityId': 0}, {'info': '折扣商品0.04折起', 'iconUrl': 'http://p1.meituan.net/xianfu/9c997ecce6150671b8459738a26f8bd9767.png', 'promotionType': 2, 'activityId': 0}, {'info': '领3元券', 'iconUrl': 'http://p0.meituan.net/xianfu/c2c0f31d0ebf0f60af115d058169c492992.png', 'promotionType': 2, 'activityId': 0}, {'info': '满15元赠送送：精美小菜一份', 'iconUrl': 'http://p1.meituan.net/xianfu/5ffe01c550a139db693d152cefd1b247869.png', 'promotionType': 2, 'activityId': 0}]",漳州市龙文区沃尔玛后街文华园3幢5号,"00:00-02:00,08:00-23:59"
1121249638286500,四海鲜粥（新浦路竹围总店）,44,月售2849,http://p1.meituan.net/waimaipoi/72c2f6b14f6c69a1b39e6f7564b95865337004.jpg,,57分钟,1,起送 ¥10,配送 ¥4,,1,,2.4km,人均 ¥16,"[{'info': '满20减10;满35减12;满50减15', 'iconUrl': 'http://p0.meituan.net/xianfu/f8bc8dffdbc805878aa3801a33f563cd1001.png', 'promotionType': 2, 'activityId': 0}, {'info': '折扣商品3.96折起', 'iconUrl': 'http://p1.meituan.net/xianfu/9c997ecce6150671b8459738a26f8bd9767.png', 'promotionType': 2, 'activityId': 0}]",新浦路竹围內105号（总店）,"00:00-01:59,08:00-23:59"
914537157310718,正新鸡排（漳州高力店）,0,月售12,http://p0.meituan.net/waimaipoi/948b5ce976fa4ee9c2a606b22cfa602a43555.jpg,http://p0.meituan.net/aichequan/eb83cb963e67bc0ea4db4d7aef69d62f2578.png,32分钟,1,起送 ¥18,配送 ¥5,,1,,1.4km,,"[{'info': '满25减8;满35减12;满55减16;满75减25', 'iconUrl': 'http://p0.meituan.net/xianfu/f8bc8dffdbc805878aa3801a33f563cd1001.png', 'promotionType': 2, 'activityId': 0}, {'info': '折扣商品5.98折起', 'iconUrl': 'http://p1.meituan.net/xianfu/9c997ecce6150671b8459738a26f8bd9767.png', 'promotionType': 2, 'activityId': 0}]",福建省漳州市芗城区打锡巷45-2,"00:00-01:00,09:30-23:59"
1012282023070859,三米粥铺（漳州打铜街店）,45,月售1353,http://p1.meituan.net/ziruzhu/64af37789717f8f80c6abd8ad374b1f220754.jpg,http://p1.meituan.net/aichequan/a88918ba8699e15a5d16d5d7e09ad0022192.png,30分钟,1,起送 ¥15,配送 ¥5,,1,,742m,人均 ¥14,"[{'info': '满25减16;满49减22;满75减26', 'iconUrl': 'http://p0.meituan.net/xianfu/f8bc8dffdbc805878aa3801a33f563cd1001.png', 'promotionType': 2, 'activityId': 0}, {'info': '折扣商品3.02折起', 'iconUrl': 'http://p1.meituan.net/xianfu/9c997ecce6150671b8459738a26f8bd9767.png', 'promotionType': 2, 'activityId': 0}]",福建省漳州市芗城区打铜街6-2号,"00:00-01:00,08:00-23:59"
995828003359830,秦风卷（寿司.刺身）,46,月售2824,http://p1.meituan.net/waimaipoi/a104869ef66f0a7df2a5418d784405ff262125.jpg,,53分钟,0,起送 ¥50,配送 ¥0,,1,,2.5km,人均 ¥38,"[{'info': '折扣商品5折起', 'iconUrl': 'http://p1.meituan.net/xianfu/9c997ecce6150671b8459738a26f8bd9767.png', 'promotionType': 2, 'activityId': 0}, {'info': '满50元赠送迷你海草小菜一份', 'iconUrl': 'http://p1.meituan.net/xianfu/5ffe01c550a139db693d152cefd1b247869.png', 'promotionType': 2, 'activityId': 0}]",福建省漳州市芗城区丹霞路文华园1幢9号之二,"00:00-01:00,10:30-23:59"
947428016886890,刘记西安腊汁肉夹馍,45,月售2599,http://p1.meituan.net/waimaipoi/538545a68495074b3df5bbdb6bec88ac43008.jpg,,34分钟,1,起送 ¥10,配送 ¥4,,1,,1.7km,人均 ¥16,"[{'info': '满20减2;满30减3;满40减5', 'iconUrl': 'http://p0.meituan.net/xianfu/f8bc8dffdbc805878aa3801a33f563cd1001.png', 'promotionType': 2, 'activityId': 0}, {'info': '折扣商品9.22折起', 'iconUrl': 'http://p1.meituan.net/xianfu/9c997ecce6150671b8459738a26f8bd9767.png', 'promotionType': 2, 'activityId': 0}]",新浦路9-7号,"00:00-01:00,09:00-23:59"
1091348076028799,黑泷堂（文昌门店）,47,月售2415,http://p1.meituan.net/business/d420d6247fa302e050dc604a0fa12aa085788.jpg,http://p1.meituan.net/aichequan/a88918ba8699e15a5d16d5d7e09ad0022192.png,30分钟,1,起送 ¥10,配送 ¥4,,1,,1.1km,人均 ¥14,"[{'info': '满35减8;满55减12', 'iconUrl': 'http://p0.meituan.net/xianfu/f8bc8dffdbc805878aa3801a33f563cd1001.png', 'promotionType': 2, 'activityId': 0}, {'info': '折扣商品8.54折起', 'iconUrl': 'http://p1.meituan.net/xianfu/9c997ecce6150671b8459738a26f8bd9767.png', 'promotionType': 2, 'activityId': 0}, {'info': '本店支持开发票，开票金额50元起', 'iconUrl': 'http://p0.meituan.net/xianfu/476ba65ee80b6385bab292c085baed17940.png', 'promotionType': 2, 'activityId': 0}]",福建省漳州市芗城区新华南路1-4,10:00-23:59
913759768238082,坤发小笼包炖品,42,月售4627,http://p1.meituan.net/waimaipoi/194016d65b37070db7d72aae2903a74c305552.jpg,,30分钟,1,起送 ¥20,配送 ¥4.5,,1,,2.5km,人均 ¥26,"[{'info': '满20减6;满30减9;满50减15;满80减24', 'iconUrl': 'http://p0.meituan.net/xianfu/f8bc8dffdbc805878aa3801a33f563cd1001.png', 'promotionType': 2, 'activityId': 0}]",新浦路竹围新村13幢16号,"00:00-02:00,08:00-23:59"
882462341564647,勤记牛肉馆（牛肉饭•牛肉面）,45,月售1015,http://p1.meituan.net/waimaipoi/36b0fae3084234ecb905a5074cf392e8297130.jpg,,35分钟,1,起送 ¥10,配送 ¥4,,1,,2.1km,人均 ¥22,"[{'info': '满30减8;满50减14;满75减19', 'iconUrl': 'http://p0.meituan.net/xianfu/f8bc8dffdbc805878aa3801a33f563cd1001.png', 'promotionType': 2, 'activityId': 0}, {'info': '折扣商品4.45折起', 'iconUrl': 'http://p1.meituan.net/xianfu/9c997ecce6150671b8459738a26f8bd9767.png', 'promotionType': 2, 'activityId': 0}, {'info': '实际支付30元返3元商家代金券', 'iconUrl': 'http://p0.meituan.net/xianfu/652eea4034250563fe11b02e3219ba8d981.png', 'promotionType': 2, 'activityId': 0}]",福建省漳州市芗城区丽园君悦9幢D02号,"00:00-01:20,09:30-23:59"
1121717789778612,绝味鸭脖（九龙城）,46,月售1779,http://p1.meituan.net/business/5135793bb341db15b25d1d4e85ea9b62310279.png,http://p1.meituan.net/aichequan/a88918ba8699e15a5d16d5d7e09ad0022192.png,35分钟,0,起送 ¥30,配送 ¥4,,1,,1.6km,人均 ¥49,"[{'info': '满36减3;满48减5;满60减7', 'iconUrl': 'http://p0.meituan.net/xianfu/f8bc8dffdbc805878aa3801a33f563cd1001.png', 'promotionType': 2, 'activityId': 0}]",南昌中路进步新村30号（近九龙公园南门）,"00:00-04:00,09:00-23:59"
861386937028745,蟹脚兄弟（小龙虾、蟹脚）,50,月售111,http://p0.meituan.net/waimaipoi/0b961b72d648e77bcfe117b49c9bf50c210944.jpg,,45分钟,0,起送 ¥20,配送 ¥0,,1,,2.2km,,"[{'info': '满12减10;满20减18;满50减48;满100减99', 'iconUrl': 'http://p0.meituan.net/xianfu/f8bc8dffdbc805878aa3801a33f563cd1001.png', 'promotionType': 2, 'activityId': 0}, {'info': '折扣商品5.45折起', 'iconUrl': 'http://p1.meituan.net/xianfu/9c997ecce6150671b8459738a26f8bd9767.png', 'promotionType': 2, 'activityId': 0}, {'info': '领11元券', 'iconUrl': 'http://p0.meituan.net/xianfu/c2c0f31d0ebf0f60af115d058169c492992.png', 'promotionType': 2, 'activityId': 0}, {'info': '实际支付110元返11元商家代金券', 'iconUrl': 'http://p0.meituan.net/xianfu/652eea4034250563fe11b02e3219ba8d981.png', 'promotionType': 2, 'activityId': 0}]",福建省漳州市芗城区南昌中路苏氏大宗3号,"00:00-01:00,18:00-23:59"
983424137764385,太古桥拉面,44,月售3708,http://p1.meituan.net/waimaipoi/8407cbcad60a5a8b8f95abf02c31f1b162402.jpg,,43分钟,0,起送 ¥25,配送 ¥3,,1,,2.3km,人均 ¥30,"[{'info': '满28减2;满48减3;满88减4', 'iconUrl': 'http://p0.meituan.net/xianfu/f8bc8dffdbc805878aa3801a33f563cd1001.png', 'promotionType': 2, 'activityId': 0}, {'info': '折扣商品8.5折起', 'iconUrl': 'http://p1.meituan.net/xianfu/9c997ecce6150671b8459738a26f8bd9767.png', 'promotionType': 2, 'activityId': 0}, {'info': '实际支付20元返3元商家代金券', 'iconUrl': 'http://p0.meituan.net/xianfu/652eea4034250563fe11b02e3219ba8d981.png', 'promotionType': 2, 'activityId': 0}]",福建省漳州市芗城区新浦路竹围内111号,00:00-23:59
992370554645495,老司机滋补蒸鸡,48,月售782,http://p1.meituan.net/business/0a8b50de79c67074dc64095c624094c61778177.png,,41分钟,0,起送 ¥0,配送 ¥0,,1,,1.3km,人均 ¥47,"[{'info': '满15减15;满60减20;满100减30', 'iconUrl': 'http://p0.meituan.net/xianfu/f8bc8dffdbc805878aa3801a33f563cd1001.png', 'promotionType': 2, 'activityId': 0}, {'info': '折扣商品0.07折起', 'iconUrl': 'http://p1.meituan.net/xianfu/9c997ecce6150671b8459738a26f8bd9767.png', 'promotionType': 2, 'activityId': 0}, {'info': '实际支付8元返2元商家代金券', 'iconUrl': 'http://p0.meituan.net/xianfu/652eea4034250563fe11b02e3219ba8d981.png', 'promotionType': 2, 'activityId': 0}]",世纪广场4栋2楼B27号,"00:00-05:05,17:10-23:59"
1034018852533914,华莱士（华东店）,44,月售2248,http://p1.meituan.net/waimaipoi/7272aaac9ccda9058b303e8a29d3ab9e30019.jpg,http://p1.meituan.net/aichequan/a88918ba8699e15a5d16d5d7e09ad0022192.png,30分钟,1,起送 ¥15,配送 ¥5,,1,,1.1km,人均 ¥17,"[{'info': '满25减10;满50减20;满75减30', 'iconUrl': 'http://p0.meituan.net/xianfu/f8bc8dffdbc805878aa3801a33f563cd1001.png', 'promotionType': 2, 'activityId': 0}, {'info': '折扣商品3.72折起', 'iconUrl': 'http://p1.meituan.net/xianfu/9c997ecce6150671b8459738a26f8bd9767.png', 'promotionType': 2, 'activityId': 0}, {'info': '领3元券', 'iconUrl': 'http://p0.meituan.net/xianfu/c2c0f31d0ebf0f60af115d058169c492992.png', 'promotionType': 2, 'activityId': 0}, {'info': '实际支付39元返3元商家代金券', 'iconUrl': 'http://p0.meituan.net/xianfu/652eea4034250563fe11b02e3219ba8d981.png', 'promotionType': 2, 'activityId': 0}, {'info': '本店支持开发票，开票金额0元起', 'iconUrl': 'http://p0.meituan.net/xianfu/476ba65ee80b6385bab292c085baed17940.png', 'promotionType': 2, 'activityId': 0}]",漳州市芗城区新华东商贸广场高力大厦A11号,"00:00-01:00,09:30-23:59"
944868216379118,大喜麻辣拌（世纪广场店）,44,月售1291,http://p1.meituan.net/business/91e5d5b479df8dd2b6154926cb4c7949421349.png,,30分钟,1,起送 ¥10,配送 ¥4,,1,,1.0km,人均 ¥22,"[{'info': '满20减7;满35减12;满50减17', 'iconUrl': 'http://p0.meituan.net/xianfu/f8bc8dffdbc805878aa3801a33f563cd1001.png', 'promotionType': 2, 'activityId': 0}, {'info': '折扣商品6.87折起', 'iconUrl': 'http://p1.meituan.net/xianfu/9c997ecce6150671b8459738a26f8bd9767.png', 'promotionType': 2, 'activityId': 0}, {'info': '领2元券;领5元券', 'iconUrl': 'http://p0.meituan.net/xianfu/c2c0f31d0ebf0f60af115d058169c492992.png', 'promotionType': 2, 'activityId': 0}, {'info': '实际支付1元返3元商家代金券', 'iconUrl': 'http://p0.meituan.net/xianfu/652eea4034250563fe11b02e3219ba8d981.png', 'promotionType': 2, 'activityId': 0}]",福建省漳州市芗城区新华东路4-3号,"00:00-02:00,10:32-23:59"
1031205648989132,煌上煌（漳州南昌中路店）,44,月售585,http://p1.meituan.net/waimaipoi/fd0ae29ff685f3f36b43dc2e1a84443f21499.jpg,http://p1.meituan.net/aichequan/a88918ba8699e15a5d16d5d7e09ad0022192.png,31分钟,1,起送 ¥15,配送 ¥5,,1,,1.6km,人均 ¥44,"[{'info': '满39减2;满48减3;满68减5', 'iconUrl': 'http://p0.meituan.net/xianfu/f8bc8dffdbc805878aa3801a33f563cd1001.png', 'promotionType': 2, 'activityId': 0}, {'info': '本店支持开发票，开票金额50元起', 'iconUrl': 'http://p0.meituan.net/xianfu/476ba65ee80b6385bab292c085baed17940.png', 'promotionType': 2, 'activityId': 0}]",漳州市芗城区南昌中路进步新村1-21号店面,"00:00-02:00,09:00-23:59"
1122851661126842,一道猪肚面,48,月售6121,http://p1.meituan.net/waimaipoi/1ec8327b372c59adf5cea3ac6f54352a456433.jpg,,30分钟,1,起送 ¥10,配送 ¥4,,1,,2.4km,人均 ¥22,"[{'info': '满26减2;满56减3', 'iconUrl': 'http://p0.meituan.net/xianfu/f8bc8dffdbc805878aa3801a33f563cd1001.png', 'promotionType': 2, 'activityId': 0}]",福建省漳州市芗城区丹霞路115－3号,"00:00-01:20,10:40-23:59"
1064513120362776,牛牛站酸辣粉（漳州直营店）,45,月售2603,http://p1.meituan.net/waimaipoi/0e5a606c1bd5a26b43a33e592303788171155.jpg,,39分钟,1,起送 ¥10,配送 ¥4,,1,,1.1km,人均 ¥19,"[{'info': '满16减2;满44减6;满88减12', 'iconUrl': 'http://p0.meituan.net/xianfu/f8bc8dffdbc805878aa3801a33f563cd1001.png', 'promotionType': 2, 'activityId': 0}, {'info': '折扣商品7.8折起', 'iconUrl': 'http://p1.meituan.net/xianfu/9c997ecce6150671b8459738a26f8bd9767.png', 'promotionType': 2, 'activityId': 0}]",芗城区中山公园斜对面新华西南25栋13号,"00:00-01:30,10:00-23:59"
1019690841639060,王小姐de茶（漳州总店）,48,月售3116,http://p1.meituan.net/waimaipoi/81612e39c135dc7ad1d040e71c579811116745.jpg,,41分钟,1,起送 ¥10,配送 ¥4.5,,1,,2.8km,人均 ¥8,"[{'info': '满16减7;满25减12;满68减18;满98减23', 'iconUrl': 'http://p0.meituan.net/xianfu/f8bc8dffdbc805878aa3801a33f563cd1001.png', 'promotionType': 2, 'activityId': 0}, {'info': '折扣商品0.89折起', 'iconUrl': 'http://p1.meituan.net/xianfu/9c997ecce6150671b8459738a26f8bd9767.png', 'promotionType': 2, 'activityId': 0}]",福建省漳州市芗城区南昌中路76-54号,10:00-23:59
1010254798498896,翻滚吧炒饭（祖传炒饭专家）,48,月售790,http://p1.meituan.net/waimaipoi/ef2493a87baddbd7f40d8d69389e350d327178.jpg,,30分钟,1,起送 ¥10,配送 ¥4,,1,,1.4km,人均 ¥18,"[{'info': '满20减6;满35减9;满50减14', 'iconUrl': 'http://p0.meituan.net/xianfu/f8bc8dffdbc805878aa3801a33f563cd1001.png', 'promotionType': 2, 'activityId': 0}, {'info': '折扣商品3.75折起', 'iconUrl': 'http://p1.meituan.net/xianfu/9c997ecce6150671b8459738a26f8bd9767.png', 'promotionType': 2, 'activityId': 0}, {'info': '实际支付15元返2元商家代金券', 'iconUrl': 'http://p0.meituan.net/xianfu/652eea4034250563fe11b02e3219ba8d981.png', 'promotionType': 2, 'activityId': 0}, {'info': '满60元赠送金装王老吉', 'iconUrl': 'http://p1.meituan.net/xianfu/5ffe01c550a139db693d152cefd1b247869.png', 'promotionType': 2, 'activityId': 0}]",福建省漳州市芗城区乔安县后园2栋6号店面,"00:00-01:00,09:59-14:05,16:00-23:59"
879365670139653,淘汰郎小火锅外卖(福建漳州店),50,月售962,http://p0.meituan.net/waimaipoi/9eea10165b7674f1459dc91e4f8309d429938.jpg,http://p1.meituan.net/aichequan/a88918ba8699e15a5d16d5d7e09ad0022192.png,46分钟,0,起送 ¥50,配送 ¥13,,1,,2.1km,人均 ¥107,"[{'info': '满128减28;满188减58;满288减88;满368减108', 'iconUrl': 'http://p0.meituan.net/xianfu/f8bc8dffdbc805878aa3801a33f563cd1001.png', 'promotionType': 2, 'activityId': 0}, {'info': '折扣商品6.08折起', 'iconUrl': 'http://p1.meituan.net/xianfu/9c997ecce6150671b8459738a26f8bd9767.png', 'promotionType': 2, 'activityId': 0}, {'info': '新客领5元券', 'iconUrl': 'http://p0.meituan.net/xianfu/c2c0f31d0ebf0f60af115d058169c492992.png', 'promotionType': 2, 'activityId': 0}, {'info': '实际支付180元返10元商家代金券', 'iconUrl': 'http://p0.meituan.net/xianfu/652eea4034250563fe11b02e3219ba8d981.png', 'promotionType': 2, 'activityId': 0}, {'info': '本店支持开发票，开票金额20元起', 'iconUrl': 'http://p0.meituan.net/xianfu/476ba65ee80b6385bab292c085baed17940.png', 'promotionType': 2, 'activityId': 0}]",漳州市芗城区胜利东新村南2幢14号店面,"00:00-03:00,09:30-23:59"
1036123386486170,百味斋,47,月售427,http://p1.meituan.net/business/c7ba7d21439c6065567262d85a2bdd02239447.jpg,,53分钟,0,起送 ¥80,配送 ¥0,,1,,623m,人均 ¥88,民主路2-103,"00:00-03:00,10:30-23:59"
1082672242052394,甜心粥铺,46,月售3619,http://p0.meituan.net/waimaipoi/19b6424cd1cf25b3c72d1fef1a5ba11e158528.jpg,,53分钟,1,起送 ¥10,配送 ¥4,,1,,2.2km,人均 ¥13,"[{'info': '满25减17;满40减21;满79减28', 'iconUrl': 'http://p0.meituan.net/xianfu/f8bc8dffdbc805878aa3801a33f563cd1001.png', 'promotionType': 2, 'activityId': 0}, {'info': '折扣商品0.34折起', 'iconUrl': 'http://p1.meituan.net/xianfu/9c997ecce6150671b8459738a26f8bd9767.png', 'promotionType': 2, 'activityId': 0}, {'info': '实际支付1元返2元商家代金券', 'iconUrl': 'http://p0.meituan.net/xianfu/652eea4034250563fe11b02e3219ba8d981.png', 'promotionType': 2, 'activityId': 0}]",福建省漳州市芗城区水仙大街41号新元茗苑13幢13号,"00:00-02:00,08:00-23:59"
1119815119217862,叫了只炸鸡（沃尔玛店）,44,月售1778,http://p0.meituan.net/waimaipoi/f46c98ab4fd8ca39e3350ce60ceea2d545956.jpg,,44分钟,1,起送 ¥15,配送 ¥4,,1,,2.4km,人均 ¥15,"[{'info': '满22减20;满30减25;满60减45;满118减65', 'iconUrl': 'http://p0.meituan.net/xianfu/f8bc8dffdbc805878aa3801a33f563cd1001.png', 'promotionType': 2, 'activityId': 0}, {'info': '折扣商品1.83折起', 'iconUrl': 'http://p1.meituan.net/xianfu/9c997ecce6150671b8459738a26f8bd9767.png', 'promotionType': 2, 'activityId': 0}]",福建省漳州市芗城区丹霞路128号东南商贸城东区6幢4号,"00:00-02:00,09:05-23:59"
916495662387508,桂林人家（桂林米粉、猪肚面）,40,月售4888,http://p0.meituan.net/waimaipoi/2ecfd66c9d3cff81c877dda603ca634659946.jpg,,40分钟,0,起送 ¥15,配送 ¥0,,1,,2.4km,人均 ¥16,"[{'info': '满19减2;满29减3;满39减4', 'iconUrl': 'http://p0.meituan.net/xianfu/f8bc8dffdbc805878aa3801a33f563cd1001.png', 'promotionType': 2, 'activityId': 0}, {'info': '折扣商品5折起', 'iconUrl': 'http://p1.meituan.net/xianfu/9c997ecce6150671b8459738a26f8bd9767.png', 'promotionType': 2, 'activityId': 0}, {'info': '领3元券', 'iconUrl': 'http://p0.meituan.net/xianfu/c2c0f31d0ebf0f60af115d058169c492992.png', 'promotionType': 2, 'activityId': 0}]",新浦路竹围新村浦头小巷8号,"00:00-05:30,09:15-23:59"
984734102803499,我不是厨神（家常菜）,43,月售9086,http://p1.meituan.net/waimaipoi/2c5a4929ea3f31df0c49ea5ad159c65f77342.jpg,,55分钟,1,起送 ¥15,配送 ¥4,,1,,2.2km,人均 ¥16,"[{'info': '满20减10;满30减15;满50减20;满100减40', 'iconUrl': 'http://p0.meituan.net/xianfu/f8bc8dffdbc805878aa3801a33f563cd1001.png', 'promotionType': 2, 'activityId': 0}, {'info': '折扣商品2.1折起', 'iconUrl': 'http://p1.meituan.net/xianfu/9c997ecce6150671b8459738a26f8bd9767.png', 'promotionType': 2, 'activityId': 0}, {'info': '实际支付10元返3元商家代金券', 'iconUrl': 'http://p0.meituan.net/xianfu/652eea4034250563fe11b02e3219ba8d981.png', 'promotionType': 2, 'activityId': 0}]",福建省漳州市芗城区新元路新元茗苑1-2幢D14号,10:00-23:59
1112260271760109,浓村烧烤（古城店）,48,月售87,http://p1.meituan.net/waimaipoi/9eeb72e2feb1b2ca567400099a7e60cc261160.jpg,http://p0.meituan.net/aichequan/eb83cb963e67bc0ea4db4d7aef69d62f2578.png,44分钟,1,起送 ¥30,配送 ¥4,,1,,1.2km,,"[{'info': '满31减30;满51减50;满81减80;满151减150', 'iconUrl': 'http://p0.meituan.net/xianfu/f8bc8dffdbc805878aa3801a33f563cd1001.png', 'promotionType': 2, 'activityId': 0}, {'info': '折扣商品0.5折起', 'iconUrl': 'http://p1.meituan.net/xianfu/9c997ecce6150671b8459738a26f8bd9767.png', 'promotionType': 2, 'activityId': 0}, {'info': '领4元券', 'iconUrl': 'http://p0.meituan.net/xianfu/c2c0f31d0ebf0f60af115d058169c492992.png', 'promotionType': 2, 'activityId': 0}]",福建省漳州市芗城区北京路258-5号,"00:00-02:00,15:00-23:59"
1106023979266919,佳菜小炒店,42,月售1366,http://p1.meituan.net/waimaipoi/c97e9f64aa2a591dfef549bc5702e1b834661.jpg,,53分钟,1,起送 ¥15,配送 ¥4,,1,,2.0km,人均 ¥21,"[{'info': '满20减3;满30减5;满50减8', 'iconUrl': 'http://p0.meituan.net/xianfu/f8bc8dffdbc805878aa3801a33f563cd1001.png', 'promotionType': 2, 'activityId': 0}, {'info': '折扣商品6.5折起', 'iconUrl': 'http://p1.meituan.net/xianfu/9c997ecce6150671b8459738a26f8bd9767.png', 'promotionType': 2, 'activityId': 0}]",福建省漳州市芗城区柑仔柿新马路1-2店面,"00:00-02:00,10:00-23:59"
949700054603088,公园阿肥发扁食（0596店）,46,月售2770,http://p0.meituan.net/business/808a7141c0835ae8102f575cae148cca212532.jpg,,30分钟,1,起送 ¥15,配送 ¥4,,1,,1.5km,人均 ¥15,"[{'info': '满20减3;满28减4;满38减5;满50减7;满68减8', 'iconUrl': 'http://p0.meituan.net/xianfu/f8bc8dffdbc805878aa3801a33f563cd1001.png', 'promotionType': 2, 'activityId': 0}, {'info': '折扣商品9折起', 'iconUrl': 'http://p1.meituan.net/xianfu/9c997ecce6150671b8459738a26f8bd9767.png', 'promotionType': 2, 'activityId': 0}]",漳州市芗城区元光南新村5-1幢9号,"00:00-01:00,09:00-23:59"
900380945121287,美味烧烤（天下店）,41,月售1464,http://p0.meituan.net/waimaipoi/7e043519fcff5de4c6400231a7dcd31c47104.jpg,,39分钟,0,起送 ¥40,配送 ¥0,,1,,2.3km,人均 ¥25,"[{'info': '满20减6;满35减14;满60减22;满88减30', 'iconUrl': 'http://p0.meituan.net/xianfu/f8bc8dffdbc805878aa3801a33f563cd1001.png', 'promotionType': 2, 'activityId': 0}, {'info': '折扣商品6.9折起', 'iconUrl': 'http://p1.meituan.net/xianfu/9c997ecce6150671b8459738a26f8bd9767.png', 'promotionType': 2, 'activityId': 0}, {'info': '领3元券;领5元券', 'iconUrl': 'http://p0.meituan.net/xianfu/c2c0f31d0ebf0f60af115d058169c492992.png', 'promotionType': 2, 'activityId': 0}]",漳州市芗城区东南商贸城西区3-7幢内街3号,"00:00-03:50,17:00-23:59"
1112745603093756,潮汕砂锅鲜粥（九龙店）,47,月售1503,http://p0.meituan.net/waimaipoi/d61b8d24f7e47ffe39e83669f10c4118112640.jpg,,53分钟,0,起送 ¥22,配送 ¥0,,1,,1.6km,人均 ¥22,"[{'info': '满25减2;满35减4;满65减6', 'iconUrl': 'http://p0.meituan.net/xianfu/f8bc8dffdbc805878aa3801a33f563cd1001.png', 'promotionType': 2, 'activityId': 0}]",九龙城,"00:00-10:59,11:00-23:59"
927310390065381,御禧贡茶（漳州旗舰店）,48,月售533,http://p1.meituan.net/waimaipoi/af7f0851bd1bb702645ff77a911f5537239824.jpg,,30分钟,1,起送 ¥13,配送 ¥4,,1,,977m,人均 ¥12,"[{'info': '满20减10;满40减15;满60减20', 'iconUrl': 'http://p0.meituan.net/xianfu/f8bc8dffdbc805878aa3801a33f563cd1001.png', 'promotionType': 2, 'activityId': 0}, {'info': '折扣商品0.01折起', 'iconUrl': 'http://p1.meituan.net/xianfu/9c997ecce6150671b8459738a26f8bd9767.png', 'promotionType': 2, 'activityId': 0}, {'info': '实际支付10元返2元商家代金券', 'iconUrl': 'http://p0.meituan.net/xianfu/652eea4034250563fe11b02e3219ba8d981.png', 'promotionType': 2, 'activityId': 0}]",福建省漳州市芗城区东华广场1幢10号,"00:00-02:00,09:00-23:59"
1102287357675180,小辣椒（牛肉粉.凉皮）,45,月售3743,http://p0.meituan.net/waimaipoi/7b2ab3138584f329a7ea5adfb27cfe9d358400.jpg,,42分钟,1,起送 ¥10,配送 ¥4,,1,,1.1km,人均 ¥17,"[{'info': '满20减3;满40减6;满60减10', 'iconUrl': 'http://p0.meituan.net/xianfu/f8bc8dffdbc805878aa3801a33f563cd1001.png', 'promotionType': 2, 'activityId': 0}, {'info': '折扣商品4.63折起', 'iconUrl': 'http://p1.meituan.net/xianfu/9c997ecce6150671b8459738a26f8bd9767.png', 'promotionType': 2, 'activityId': 0}]",新华西南24栋18号,10:30-23:55
1070199657044044,仙草鲜芋（香格里拉店）,48,月售1389,http://p0.meituan.net/business/33dec5246aaa02c41c0b33cd86a78407130749.jpg,,42分钟,1,起送 ¥15,配送 ¥4,,1,,2.5km,人均 ¥25,"[{'info': '满28减2;满48减5;满78减10', 'iconUrl': 'http://p0.meituan.net/xianfu/f8bc8dffdbc805878aa3801a33f563cd1001.png', 'promotionType': 2, 'activityId': 0}, {'info': '折扣商品6折起', 'iconUrl': 'http://p1.meituan.net/xianfu/9c997ecce6150671b8459738a26f8bd9767.png', 'promotionType': 2, 'activityId': 0}]",漳州市芗城区香格里拉观园2幢11-12号,09:20-23:50
1089630089091551,舌尖上的湖南三湘粉（沃尔玛店）,45,月售2527,http://p1.meituan.net/waimaipoi/b44276a966bd1fad892463a3a369ee9030720.jpg,,43分钟,1,起送 ¥15,配送 ¥4.5,,1,,2.7km,人均 ¥16,"[{'info': '满20减5;满40减8;满80减15;满100减20', 'iconUrl': 'http://p0.meituan.net/xianfu/f8bc8dffdbc805878aa3801a33f563cd1001.png', 'promotionType': 2, 'activityId': 0}, {'info': '折扣商品9.08折起', 'iconUrl': 'http://p1.meituan.net/xianfu/9c997ecce6150671b8459738a26f8bd9767.png', 'promotionType': 2, 'activityId': 0}]",福建省漳州市芗城区南昌路文华园菜市场外围14号,"00:00-02:00,08:00-23:59"
849236474564846,咸骨粥饺子王（芗城店）,40,月售162,http://p0.meituan.net/waimaipoi/016a0bb41dea6de7de9d0739dcb8c009471573.jpg,http://p0.meituan.net/aichequan/eb83cb963e67bc0ea4db4d7aef69d62f2578.png,30分钟,1,起送 ¥15,配送 ¥4,,1,,1.3km,,"[{'info': '满3减3;满25减13;满50减20;满80减30', 'iconUrl': 'http://p0.meituan.net/xianfu/f8bc8dffdbc805878aa3801a33f563cd1001.png', 'promotionType': 2, 'activityId': 0}, {'info': '折扣商品1.25折起', 'iconUrl': 'http://p1.meituan.net/xianfu/9c997ecce6150671b8459738a26f8bd9767.png', 'promotionType': 2, 'activityId': 0}, {'info': '实际支付39元返5元商家代金券', 'iconUrl': 'http://p0.meituan.net/xianfu/652eea4034250563fe11b02e3219ba8d981.png', 'promotionType': 2, 'activityId': 0}]",新华东路南一街161号,"00:00-02:00,08:00-23:59"
998177350449700,源茶,47,月售3037,http://p0.meituan.net/waimaipoi/458ceee225f7c496910fea062a4fb32434937.jpg,,33分钟,1,起送 ¥10,配送 ¥4,,1,,1.9km,,"[{'info': '满10减8;满20减18;满40减28;满60减38', 'iconUrl': 'http://p0.meituan.net/xianfu/f8bc8dffdbc805878aa3801a33f563cd1001.png', 'promotionType': 2, 'activityId': 0}, {'info': '折扣商品0.76折起', 'iconUrl': 'http://p1.meituan.net/xianfu/9c997ecce6150671b8459738a26f8bd9767.png', 'promotionType': 2, 'activityId': 0}]",福建省漳州市芗城区胜利东路天下广场小区B7幢D36号店,"00:00-02:00,10:00-23:59"
857834999106785,食尚麻辣香锅,43,月售3518,http://p0.meituan.net/business/96235d6a213159e8547fd4bcc0231d3a79979.jpg,,35分钟,1,起送 ¥10,配送 ¥4,,1,,2.4km,人均 ¥20,"[{'info': '满25减10;满32减16;满45减22;满65减30', 'iconUrl': 'http://p0.meituan.net/xianfu/f8bc8dffdbc805878aa3801a33f563cd1001.png', 'promotionType': 2, 'activityId': 0}, {'info': '折扣商品4.3折起', 'iconUrl': 'http://p1.meituan.net/xianfu/9c997ecce6150671b8459738a26f8bd9767.png', 'promotionType': 2, 'activityId': 0}, {'info': '领1元券;领3元券;领4元券', 'iconUrl': 'http://p0.meituan.net/xianfu/c2c0f31d0ebf0f60af115d058169c492992.png', 'promotionType': 2, 'activityId': 0}, {'info': '实际支付10元返2元商家代金券', 'iconUrl': 'http://p0.meituan.net/xianfu/652eea4034250563fe11b02e3219ba8d981.png', 'promotionType': 2, 'activityId': 0}]",福建省漳州市芗城区丹霞路东南商贸城C区14-16栋内10号店面,"00:00-01:00,09:30-23:59"
1031149814359672,大树水果（漳州旗舰店）,43,月售454,http://p1.meituan.net/waimaipoi/4d6759137944d8b9ebe7d3cf67f5b3c033011.jpg,,33分钟,1,起送 ¥15,配送 ¥3,,1,,1.7km,,"[{'info': '满19减2;满28减3;满38减4;满46减5', 'iconUrl': 'http://p0.meituan.net/xianfu/f8bc8dffdbc805878aa3801a33f563cd1001.png', 'promotionType': 2, 'activityId': 0}, {'info': '折扣商品4.62折起', 'iconUrl': 'http://p1.meituan.net/xianfu/9c997ecce6150671b8459738a26f8bd9767.png', 'promotionType': 2, 'activityId': 0}, {'info': '本店支持开发票，开票金额100元起', 'iconUrl': 'http://p0.meituan.net/xianfu/476ba65ee80b6385bab292c085baed17940.png', 'promotionType': 2, 'activityId': 0}]",福建省漳州市芗城区新华东路557号九龙城8幢4号店面,09:00-23:45
850181367342103,爱尚烧鸡（秘制烧鸡，水饺轻食）,49,月售2171,http://p0.meituan.net/business/a14561587327e93a3d0648997d54387332840.jpg,,43分钟,0,起送 ¥0,配送 ¥0,,1,,2.1km,人均 ¥31,"[{'info': '满30减20;满100减30', 'iconUrl': 'http://p0.meituan.net/xianfu/f8bc8dffdbc805878aa3801a33f563cd1001.png', 'promotionType': 2, 'activityId': 0}, {'info': '折扣商品0.5折起', 'iconUrl': 'http://p1.meituan.net/xianfu/9c997ecce6150671b8459738a26f8bd9767.png', 'promotionType': 2, 'activityId': 0}, {'info': '实际支付10元返2元商家代金券', 'iconUrl': 'http://p0.meituan.net/xianfu/652eea4034250563fe11b02e3219ba8d981.png', 'promotionType': 2, 'activityId': 0}]",福建省漳州市芗城区天下广场B3栋236号店,"00:00-08:00,10:29-23:59"
